Strain_ID	ST	Species	CHL susceptibility	CatA1	CatA2	CatB4	CatB3	FloR	CmlA1	CmlA5	study	ENA accession	lane	seq
CAB153	46	E. coli	R	0	0	0	1	0	0	0	DASSIM	ERR3425924	26141_1_134	26141_1_134
CAC127	46	E. coli	R	0	0	0	0	0	0	0	DASSIM	ERR3425925	26141_1_135	26141_1_135
CAD13R	46	E. coli	R	0	0	0	1	0	0	0	DASSIM	ERR3425926	26141_1_136	26141_1_136
CAE12N	131	E. coli	R	0	0	0	0	0	0	0	DASSIM	ERR3425927	26141_1_137	26141_1_137
CAI10E	167	E. coli	R	1	0	0	0	0	0	0	DASSIM	ERR3425928	26141_1_138	26141_1_138
CAJ10A	131	E. coli	S	0	0	0	0	0	0	0	DASSIM	ERR3425929	26141_1_139	26141_1_139
CAD13P	44	E. coli	S	0	0	1	0	0	0	0	DASSIM	ERR3425930	26141_1_140	26141_1_140
CAI10F	9847	E. coli	R	1	0	0	0	0	0	0	DASSIM	ERR3425931	26141_1_141	26141_1_141
CAB14X	636	E. coli	S	0	0	0	0	0	0	0	DASSIM	ERR3425932	26141_1_142	26141_1_142
CAC11I	636	E. coli	S	0	0	0	0	0	0	0	DASSIM	ERR3425933	26141_1_143	26141_1_143
CAD137	10	E. coli	S	0	0	0	0	0	0	0	DASSIM	ERR3425934	26141_1_144	26141_1_144
CAE12R	46	E. coli	S	0	0	0	1	0	0	0	DASSIM	ERR3425935	26141_1_145	26141_1_145
CAL10S	656	E. coli	S	0	0	0	0	0	0	0	DASSIM	ERR3425936	26141_1_146	26141_1_146
CAM10R	656	E. coli	S	0	0	0	0	0	0	0	DASSIM	ERR3425937	26141_1_147	26141_1_147
CAM10K	443	E. coli	S	1	0	0	0	0	0	0	DASSIM	ERR3425938	26141_1_148	26141_1_148
CAC126	1237	E. coli	R	1	0	1	0	0	0	0	DASSIM	ERR3425939	26141_1_149	26141_1_149
CAB13C	131	E. coli	S	0	0	0	0	0	0	0	DASSIM	ERR3425940	26141_1_150	26141_1_150
CAC124	131	E. coli	S	0	0	1	0	0	0	0	DASSIM	ERR3425941	26141_1_151	26141_1_151
CAD13N	410	E. coli	S	0	0	1	0	0	0	0	DASSIM	ERR3425942	26141_1_152	26141_1_152
CAE12K	131	E. coli	S	0	0	0	0	0	0	0	DASSIM	ERR3425943	26141_1_153	26141_1_153
CAC122	101	E. coli	R	0	0	0	0	0	1	0	DASSIM	ERR3425944	26141_1_154	26141_1_154
CAE12H	443	E. coli	S	1	0	0	0	0	0	0	DASSIM	ERR3425945	26141_1_155	26141_1_155
CAB139	131	E. coli	S	0	0	0	0	0	0	0	DASSIM	ERR3425946	26141_1_156	26141_1_156
CAC123	410	E. coli	S	0	0	1	0	0	0	0	DASSIM	ERR3425947	26141_1_157	26141_1_157
CAD134	391	E. coli	R	1	0	0	0	0	0	0	DASSIM	ERR3425948	26141_1_158	26141_1_158
CAE12L	44	E. coli	S	0	0	1	0	0	0	0	DASSIM	ERR3425949	26141_1_159	26141_1_159
CAD13K	636	E. coli	S	0	0	0	0	0	0	0	DASSIM	ERR3425950	26141_1_160	26141_1_160
CAE12F	44	E. coli	S	0	0	1	0	0	0	0	DASSIM	ERR3425951	26141_1_161	26141_1_161
CAC11X	617	E. coli	R	1	0	1	0	0	0	0	DASSIM	ERR3425952	26141_1_162	26141_1_162
CAB13L	46	E. coli	R	0	0	0	1	0	0	0	DASSIM	ERR3425954	26141_1_164	26141_1_164
CAC11F	46	E. coli	R	0	0	0	1	0	0	0	DASSIM	ERR3425955	26141_1_165	26141_1_165
CAD13J	131	E. coli	S	0	0	0	0	0	0	0	DASSIM	ERR3425956	26141_1_166	26141_1_166
CAM10H	636	E. coli	S	0	0	0	0	0	0	0	DASSIM	ERR3425958	26141_1_168	26141_1_168
CAB13I	44	E. coli	S	0	0	1	0	0	0	0	DASSIM	ERR3425959	26141_1_169	26141_1_169
CAD12Z	410	E. coli	S	0	0	1	0	0	0	0	DASSIM	ERR3425960	26141_1_170	26141_1_170
CAC11W	410	E. coli	S	0	0	1	0	0	0	0	DASSIM	ERR3425961	26141_1_171	26141_1_171
CAC11C	131	E. coli	S	0	0	0	0	0	0	0	DASSIM	ERR3425962	26141_1_172	26141_1_172
CAD115	131	E. coli	S	0	0	0	0	0	0	0	DASSIM	ERR3425963	26141_1_173	26141_1_173
CAE110	131	E. coli	S	0	0	0	0	0	0	0	DASSIM	ERR3425964	26141_1_174	26141_1_174
CAC119	3489	E. coli	R	0	0	0	0	0	1	0	DASSIM	ERR3425965	26141_1_175	26141_1_175
CAE10Z	4981	E. coli	S	0	0	0	0	0	0	0	DASSIM	ERR3425966	26141_1_176	26141_1_176
CAB12F	1722	E. coli	S	0	0	0	0	0	0	0	DASSIM	ERR3425967	26141_1_177	26141_1_177
CAC11D	44	E. coli	S	0	0	1	0	0	0	0	DASSIM	ERR3425968	26141_1_178	26141_1_178
CAD113	167	E. coli	S	0	0	0	0	0	0	0	DASSIM	ERR3425969	26141_1_179	26141_1_179
CAE116	1722	E. coli	S	0	0	0	0	0	0	0	DASSIM	ERR3425970	26141_1_180	26141_1_180
CAH108	410	E. coli	S	0	0	1	0	0	0	0	DASSIM	ERR3425971	26141_1_181	26141_1_181
CAI107	167	E. coli	S	0	0	0	0	0	0	0	DASSIM	ERR3425972	26141_1_182	26141_1_182
CAJ105	656	E. coli	S	0	0	0	0	0	0	0	DASSIM	ERR3425973	26141_1_183	26141_1_183
CAG10D	3580	E. coli	R	0	0	0	0	0	1	0	DASSIM	ERR3425974	26141_1_184	26141_1_184
CAB12D	354	E. coli	S	0	0	0	0	0	0	0	DASSIM	ERR3425976	26141_1_186	26141_1_186
CAC116	167	E. coli	S	0	0	0	0	0	0	0	DASSIM	ERR3425977	26141_1_187	26141_1_187
CAC117	648	E. coli	R	1	0	1	0	0	0	0	DASSIM	ERR3425979	26141_1_189	26141_1_189
CAD10X	648	E. coli	R	1	0	1	0	0	0	0	DASSIM	ERR3425980	26141_1_190	26141_1_190
CAJ102	38	E. coli	S	0	0	0	0	0	0	0	DASSIM	ERR3425981	26141_1_191	26141_1_191
CAG106	3168	E. coli	S	0	0	0	0	0	0	0	DASSIM	ERR3425982	26141_1_192	26141_1_192
CAH103	3168	E. coli	S	0	0	0	0	0	0	0	DASSIM	ERR3425983	26141_1_193	26141_1_193
CAI109	636	E. coli	S	0	0	0	0	0	0	0	DASSIM	ERR3425984	26141_1_194	26141_1_194
CAJ109	44	E. coli	S	0	0	0	0	0	0	0	DASSIM	ERR3425985	26141_1_195	26141_1_195
CAM107	2705	E. coli	R	0	0	0	0	0	1	0	DASSIM	ERR3425986	26141_1_196	26141_1_196
CAM10B	636	E. coli	S	0	0	0	0	0	0	0	DASSIM	ERR3425987	26141_1_197	26141_1_197
CAB11F	636	E. coli	S	0	0	0	0	0	0	0	DASSIM	ERR3425988	26141_1_198	26141_1_198
CAC10Y	636	E. coli	S	0	0	0	0	0	0	0	DASSIM	ERR3425989	26141_1_199	26141_1_199
CAE10Q	636	E. coli	S	0	0	0	0	0	0	0	DASSIM	ERR3425990	26141_1_200	26141_1_200
CAC110	410	E. coli	S	0	0	1	0	0	0	0	DASSIM	ERR3425991	26141_1_201	26141_1_201
CAD10T	73	E. coli	S	0	0	0	0	0	0	0	DASSIM	ERR3425992	26141_1_202	26141_1_202
CAE10N	656	E. coli	S	0	0	0	0	0	0	0	DASSIM	ERR3425993	26141_1_203	26141_1_203
CAG10A	46	E. coli	S	0	0	0	1	0	0	0	DASSIM	ERR3425994	26141_1_204	26141_1_204
CAI104	46	E. coli	S	0	0	0	1	0	0	0	DASSIM	ERR3425995	26141_1_205	26141_1_205
CAB11K	648	E. coli	R	1	0	1	0	0	0	0	DASSIM	ERR3425996	26141_1_206	26141_1_206
CAE10T	167	E. coli	R	1	0	0	0	0	0	0	DASSIM	ERR3425997	26141_1_207	26141_1_207
CAF10N	5824	E. coli	NA	0	0	0	0	0	0	0	DASSIM	ERR3425998	26141_1_208	26141_1_208
CAC111	410	E. coli	S	0	0	1	0	0	0	0	DASSIM	ERR3425999	26141_1_209	26141_1_209
CAE10P	648	E. coli	R	1	0	1	0	0	0	0	DASSIM	ERR3426000	26141_1_210	26141_1_210
CAF10J	131	E. coli	S	0	0	0	0	0	0	0	DASSIM	ERR3426001	26141_1_211	26141_1_211
CAL108	46	E. coli	S	0	0	0	1	0	0	0	DASSIM	ERR3426002	26141_1_212	26141_1_212
CAM108	656	E. coli	S	0	0	0	0	0	0	0	DASSIM	ERR3426003	26141_1_213	26141_1_213
CAE10V	940	E. coli	R	1	0	0	0	0	0	0	DASSIM	ERR3426004	26141_1_214	26141_1_214
CAC10V	1722	E. coli	S	0	0	0	0	0	0	0	DASSIM	ERR3426005	26141_1_215	26141_1_215
CAF10G	131	E. coli	S	0	0	0	0	0	0	0	DASSIM	ERR3426007	26141_1_217	26141_1_217
CAC10X	167	E. coli	R	1	0	0	0	0	0	0	DASSIM	ERR3426008	26141_1_218	26141_1_218
CAD10M	648	E. coli	R	1	0	1	0	0	0	0	DASSIM	ERR3426009	26141_1_219	26141_1_219
CAF10K	34	E. coli	NA	0	0	0	0	0	0	0	DASSIM	ERR3426010	26141_1_220	26141_1_220
CAG104	44	E. coli	S	0	0	1	0	0	0	0	DASSIM	ERR3426011	26141_1_221	26141_1_221
CAH101	405	E. coli	S	0	0	1	0	0	0	0	DASSIM	ERR3426012	26141_1_222	26141_1_222
CAI101	405	E. coli	S	0	0	1	0	0	0	0	DASSIM	ERR3426013	26141_1_223	26141_1_223
CAC10Z	636	E. coli	S	0	0	0	0	0	0	0	DASSIM	ERR3426014	26141_1_224	26141_1_224
CAD10Q	656	E. coli	NA	0	0	0	0	0	0	0	DASSIM	ERR3426015	26141_1_225	26141_1_225
CAE10S	940	E. coli	R	0	0	0	0	0	0	0	DASSIM	ERR3426016	26141_1_226	26141_1_226
CAB11R	131	E. coli	S	0	0	0	0	0	0	0	DASSIM	ERR3426017	26141_1_227	26141_1_227
CAC10R	131	E. coli	S	0	0	0	0	0	0	0	DASSIM	ERR3426018	26141_1_228	26141_1_228
CAE10K	656	E. coli	S	0	0	0	0	0	0	0	DASSIM	ERR3426019	26141_1_229	26141_1_229
CAF10E	517	E. coli	S	0	0	0	0	0	0	0	DASSIM	ERR3426020	26141_1_230	26141_1_230
CAC10Q	648	E. coli	R	1	0	1	0	0	0	0	DASSIM	ERR3426022	26141_1_232	26141_1_232
CAC10S	167	E. coli	S	1	0	0	0	0	0	0	DASSIM	ERR3426026	26141_1_236	26141_1_236
CAL101	131	E. coli	S	0	0	0	0	0	0	0	DASSIM	ERR3426027	26141_1_237	26141_1_237
CAM100	NA	E. coli	S	0	0	0	0	0	0	0	DASSIM	ERR3426029	26141_1_239	26141_1_239
CAD110	424	E. coli	R	0	1	1	0	0	0	1	DASSIM	ERR3426030	26141_1_240	26141_1_240
CAE10W	1722	E. coli	S	0	0	0	0	0	0	0	DASSIM	ERR3426031	26141_1_241	26141_1_241
CAI100	44	E. coli	S	0	0	1	0	0	0	0	DASSIM	ERR3426032	26141_1_242	26141_1_242
CAB117	354	E. coli	R	0	0	0	0	0	0	0	DASSIM	ERR3426033	26141_1_243	26141_1_243
CAC10H	617	E. coli	R	0	0	1	0	0	0	0	DASSIM	ERR3426034	26141_1_244	26141_1_244
CAE10A	354	E. coli	R	0	0	0	0	0	0	0	DASSIM	ERR3426036	26141_1_246	26141_1_246
CAF109	617	E. coli	S	0	0	1	0	0	0	0	DASSIM	ERR3426037	26141_1_247	26141_1_247
CAE10D	46	E. coli	S	0	0	0	1	0	0	0	DASSIM	ERR3426038	26141_1_248	26141_1_248
CAB10P	167	E. coli	R	1	0	0	0	0	0	0	DASSIM	ERR3426040	26141_1_250	26141_1_250
CAC10A	167	E. coli	R	1	0	0	0	0	0	0	DASSIM	ERR3426041	26141_1_251	26141_1_251
CAD109	46	E. coli	S	1	0	0	0	0	0	0	DASSIM	ERR3426042	26141_1_252	26141_1_252
CAF105	219	E. coli	R	0	0	0	0	0	1	0	DASSIM	ERR3426043	26141_1_253	26141_1_253
CAC10E	44	E. coli	S	0	0	1	0	0	0	0	DASSIM	ERR3426044	26141_1_254	26141_1_254
CAC10D	131	E. coli	R	0	0	1	0	0	0	0	DASSIM	ERR3426045	26141_1_255	26141_1_255
CAD10B	46	E. coli	R	0	0	0	1	0	0	0	DASSIM	ERR3426046	26141_1_256	26141_1_256
CAF108	131	E. coli	S	0	0	0	0	0	0	0	DASSIM	ERR3426047	26141_1_257	26141_1_257
CAC10J	410	E. coli	S	0	0	1	0	0	0	0	DASSIM	ERR3426048	26141_1_258	26141_1_258
CAD10H	48	E. coli	S	0	0	0	0	0	1	0	DASSIM	ERR3426049	26141_1_259	ERR3426049
CAE10C	167	E. coli	S	0	0	0	0	0	0	0	DASSIM	ERR3426050	26141_1_260	ERR3426050
CAF10A	1722	E. coli	R	0	0	0	0	0	0	0	DASSIM	ERR3426051	26141_1_261	ERR3426051
CAB10K	656	E. coli	S	0	0	0	0	0	0	0	DASSIM	ERR3426052	26141_1_262	ERR3426052
CAC107	1722	E. coli	S	0	0	0	0	0	0	0	DASSIM	ERR3426053	26141_1_263	ERR3426053
CAE105	1722	E. coli	S	0	0	0	0	0	0	0	DASSIM	ERR3426055	26141_1_265	ERR3426055
CAF103	219	E. coli	S	0	0	0	0	0	1	0	DASSIM	ERR3426056	26141_1_266	ERR3426056
CAC109	648	E. coli	R	1	0	1	0	0	0	0	DASSIM	ERR3426057	26141_1_267	ERR3426057
CAD108	648	E. coli	R	1	0	1	0	0	0	0	DASSIM	ERR3426058	26141_1_268	ERR3426058
CAC103	617	E. coli	S	0	0	1	0	0	0	0	DASSIM	ERR3426060	26141_1_270	ERR3426060
CAD104	636	E. coli	S	0	0	0	0	0	0	0	DASSIM	ERR3426061	26141_1_271	ERR3426061
CAF102	405	E. coli	S	0	0	1	0	0	0	0	DASSIM	ERR3426062	26141_1_272	ERR3426062
CAC102	405	E. coli	S	0	0	1	0	0	0	0	DASSIM	ERR3426063	26141_1_273	ERR3426063
CAD105	46	E. coli	R	0	0	0	1	0	0	0	DASSIM	ERR3426064	26141_1_274	ERR3426064
CAC104	1722	E. coli	S	0	0	0	0	0	0	0	DASSIM	ERR3426065	26141_1_275	ERR3426065
CAD103	38	E. coli	S	0	0	0	0	0	0	0	DASSIM	ERR3426066	26141_1_276	ERR3426066
CAB10W	131	E. coli	S	0	0	1	0	0	0	0	DASSIM	ERR3426067	26141_1_277	ERR3426067
CAC100	131	E. coli	S	0	0	1	0	0	0	0	DASSIM	ERR3426068	26141_1_278	ERR3426068
CAD101	131	E. coli	S	0	0	1	0	0	0	0	DASSIM	ERR3426069	26141_1_279	ERR3426069
CAF107	131	E. coli	S	0	0	1	0	0	0	0	DASSIM	ERR3426070	26141_1_280	ERR3426070
CAE104	1722	E. coli	S	0	0	0	0	0	0	0	DASSIM	ERR3426072	26141_1_282	ERR3426072
CAE10J	191	E. coli	R	0	0	0	0	0	1	0	DASSIM	ERR3426073	26141_1_283	ERR3426073
CAC146	2083	E. coli	S	0	0	0	0	0	0	0	DASSIM	ERR3168700	26141_1_284	ERR3168700
CAC12C	410	E. coli	S	0	0	1	0	0	0	0	DASSIM	ERR3426074	26141_1_285	ERR3426074
CAE117	410	E. coli	S	0	0	1	0	0	0	0	DASSIM	ERR3426075	26141_1_286	ERR3426075
CAL117	1201	E. coli	NA	0	0	0	0	0	1	0	DASSIM	ERR3426076	26141_1_287	ERR3426076
CAL118	10	E. coli	NA	0	0	0	0	0	0	0	DASSIM	ERR3426077	26141_1_288	ERR3426077
CAL10X	48	E. coli	R	0	0	0	0	0	1	0	DASSIM	ERR3426078	26141_1_289	ERR3426078
CAL10Y	2077	E. coli	R	1	0	1	0	0	0	0	DASSIM	ERR3426079	26141_1_290	ERR3426079
CAB159	48	E. coli	R	1	0	0	0	0	0	0	DASSIM	ERR3426080	26141_1_291	ERR3426080
CAC12A	131	E. coli	S	0	0	0	0	0	0	0	DASSIM	ERR3426081	26141_1_292	ERR3426081
CAM10P	410	E. coli	R	1	0	1	0	0	0	0	DASSIM	ERR3426082	26141_1_293	ERR3426082
CAD117	167	E. coli	S	0	0	0	0	0	0	0	DASSIM	ERR3426084	26141_1_295	ERR3426084
CAD10R	617	E. coli	R	1	0	1	0	0	0	0	DASSIM	ERR3426085	26141_1_296	ERR3426085
CAC105	167	E. coli	S	1	0	0	0	0	0	0	DASSIM	ERR3426086	26141_1_297	ERR3426086
CAD10A	167	E. coli	NA	1	0	0	0	0	0	0	DASSIM	ERR3426087	26141_1_298	ERR3426087
CAC11J	617	E. coli	NA	0	0	1	0	0	0	0	DASSIM	ERR3426088	26141_1_299	ERR3426088
CAB161	224	E. coli	S	1	0	0	0	0	0	0	DASSIM	ERR3865252	28099_1_1	ERR3865252
CAB16W	617	E. coli	R	0	0	1	0	0	0	0	DASSIM	ERR3865253	28099_1_2	ERR3865253
CEF191	410	E. coli	NA	0	0	1	0	0	0	0	DASSIM	ERR3865255	28099_1_7	ERR3865255
CAB15Z	424	E. coli	S	0	0	1	0	0	0	0	DASSIM	ERR3865256	28099_1_10	ERR3865256
CAL11J	224	E. coli	S	1	0	0	0	0	1	0	DASSIM	ERR3865257	28099_1_11	ERR3865257
CAB15Y	38	E. coli	S	0	0	0	0	0	0	0	DASSIM	ERR3865258	28099_1_14	ERR3865258
CAB15M	9847	E. coli	R	1	0	0	0	0	0	0	DASSIM	ERR3865259	28099_1_18	ERR3865259
CAL11H	131	E. coli	R	0	0	0	0	0	0	0	DASSIM	ERR3865260	28099_1_19	ERR3865260
CAB15H	131	E. coli	S	0	0	0	0	0	0	0	DASSIM	ERR3865261	28099_1_22	ERR3865261
CAF11K	9847	E. coli	S	0	0	0	0	0	0	0	DASSIM	ERR3865262	28099_1_23	ERR3865262
CAC11R	410	E. coli	S	0	0	1	0	0	0	0	DASSIM	ERR3865263	28099_1_26	ERR3865263
CAF11J	636	E. coli	S	0	0	0	0	0	0	0	DASSIM	ERR3865264	28099_1_27	ERR3865264
CAC11Q	410	E. coli	S	0	0	1	0	0	0	0	DASSIM	ERR3865265	28099_1_30	ERR3865265
CAE133	34	E. coli	S	0	0	0	0	0	0	0	DASSIM	ERR3865266	28099_1_31	ERR3865266
CAC11P	6636	E. coli	S	0	0	0	0	0	0	0	DASSIM	ERR3865267	28099_1_34	ERR3865267
CAE131	167	E. coli	NA	0	0	0	0	0	0	0	DASSIM	ERR3865268	28099_1_35	ERR3865268
CAC11N	101	E. coli	S	0	0	0	0	0	1	0	DASSIM	ERR3865269	28099_1_38	ERR3865269
CAD11X	940	E. coli	R	1	0	0	0	0	0	0	DASSIM	ERR3865270	28099_1_39	ERR3865270
CAC13I	167	E. coli	S	1	0	0	0	0	0	0	DASSIM	ERR3865271	28099_1_41	ERR3865271
CAC11K	617	E. coli	R	0	0	1	0	0	0	0	DASSIM	ERR3865272	28099_1_42	ERR3865272
CAC14L	1722	E. coli	S	0	0	0	0	0	0	0	DASSIM	ERR3865273	28099_1_43	ERR3865273
CAC11H	656	E. coli	S	0	0	0	0	0	0	0	DASSIM	ERR3865275	28099_1_46	ERR3865275
CAB19C	167	E. coli	S	1	0	0	0	0	0	0	DASSIM	ERR3865276	28099_1_47	ERR3865276
CAD10N	410	E. coli	S	0	0	1	0	0	0	0	DASSIM	ERR3865277	28099_1_49	ERR3865277
CAC11G	656	E. coli	S	0	0	0	0	0	0	0	DASSIM	ERR3865278	28099_1_50	ERR3865278
CAB18F	131	E. coli	S	0	0	1	0	0	0	0	DASSIM	ERR3865279	28099_1_51	ERR3865279
CAD13V	656	E. coli	S	0	0	0	0	0	0	0	DASSIM	ERR3865280	28099_1_53	ERR3865280
CAB15B	46	E. coli	S	0	0	0	1	0	0	0	DASSIM	ERR3865281	28099_1_54	ERR3865281
CAB18D	NA	E. coli	R	0	0	0	0	0	1	0	DASSIM	ERR3865282	28099_1_55	ERR3865282
CAD120	131	E. coli	R	0	0	0	0	0	0	0	DASSIM	ERR3865283	28099_1_57	ERR3865283
CAB15A	46	E. coli	S	1	0	0	0	0	0	0	DASSIM	ERR3865284	28099_1_58	ERR3865284
CAB18C	648	E. coli	R	1	0	1	0	0	0	0	DASSIM	ERR3865285	28099_1_59	ERR3865285
CAH10J	5824	E. coli	S	0	0	0	0	0	0	0	DASSIM	ERR3865286	28099_1_61	ERR3865286
CAB158	1421	E. coli	S	0	0	0	0	0	0	0	DASSIM	ERR3865287	28099_1_62	ERR3865287
CAJ10S	155	E. coli	S	0	0	0	0	0	0	0	DASSIM	ERR3865288	28099_1_63	ERR3865288
CAI10H	131	E. coli	S	0	0	0	0	0	0	0	DASSIM	ERR3865289	28099_1_65	ERR3865289
CAB157	609	E. coli	S	0	0	1	0	0	0	0	DASSIM	ERR3865290	28099_1_66	ERR3865290
CAJ10D	10	E. coli	R	0	0	0	0	0	0	0	DASSIM	ERR3865292	28099_1_69	ERR3865292
CAB14Y	38	E. coli	S	0	0	0	0	0	0	0	DASSIM	ERR3865293	28099_1_70	ERR3865293
CAD11V	46	E. coli	R	0	0	0	1	0	0	0	DASSIM	ERR3865294	28099_1_71	ERR3865294
CAB15S	38	E. coli	S	0	0	0	0	0	0	0	DASSIM	ERR3865295	28099_1_73	ERR3865295
CAB138	131	E. coli	S	0	0	0	0	0	0	0	DASSIM	ERR3865296	28099_1_74	ERR3865296
CAD11U	405	E. coli	S	0	0	1	0	0	0	0	DASSIM	ERR3865297	28099_1_75	ERR3865297
CAC13H	940	E. coli	R	1	0	0	0	0	0	0	DASSIM	ERR3865298	28099_1_77	ERR3865298
CAB12E	44	E. coli	S	0	0	1	0	0	0	0	DASSIM	ERR3865299	28099_1_78	ERR3865299
CAI113	410	E. coli	S	0	0	1	0	0	0	0	DASSIM	ERR3865300	28099_1_79	ERR3865300
CAC132	5824	E. coli	S	0	0	0	0	0	0	0	DASSIM	ERR3865301	28099_1_81	ERR3865301
CAB11X	354	E. coli	S	0	0	0	0	0	0	0	DASSIM	ERR3865302	28099_1_82	ERR3865302
CAE12Z	38	E. coli	S	0	0	0	0	0	0	0	DASSIM	ERR3865303	28099_1_83	ERR3865303
CAD10H	410	E. coli	S	0	0	1	0	0	0	0	DASSIM	ERR3865304	28099_1_85	ERR3865304
CAB11P	155	E. coli	R	0	0	0	0	1	0	0	DASSIM	ERR3865305	28099_1_86	ERR3865305
CAF11H	906	E. coli	S	0	0	0	0	0	0	0	DASSIM	ERR3865306	28099_1_87	ERR3865306
CAD141	410	E. coli	S	0	0	1	0	0	0	0	DASSIM	ERR3865307	28099_1_89	ERR3865307
CAC10X	617	E. coli	R	0	0	0	0	0	0	0	DASSIM	ERR3865308	28099_1_90	ERR3865308
CAD12P	131	E. coli	R	0	0	0	0	0	0	0	DASSIM	ERR3865309	28099_1_91	ERR3865309
CAG11T	5824	E. coli	S	0	0	0	0	0	0	0	DASSIM	ERR3865310	28099_1_93	ERR3865310
CAC11A	167	E. coli	S	1	0	0	0	0	0	0	DASSIM	ERR3865311	28099_1_94	ERR3865311
CAD12M	131	E. coli	S	0	0	1	0	0	0	0	DASSIM	ERR3865312	28099_1_95	ERR3865312
CAH10I	48	E. coli	R	0	0	0	0	0	1	0	DASSIM	ERR3865313	28099_1_98	ERR3865313
CAC114	131	E. coli	S	0	0	0	0	0	0	0	DASSIM	ERR3865314	28099_1_99	ERR3865314
CAD12L	5824	E. coli	S	0	0	0	0	0	0	0	DASSIM	ERR3865315	28099_1_100	ERR3865315
CAI10H	167	E. coli	S	0	0	0	0	0	0	0	DASSIM	ERR3865316	28099_1_102	ERR3865316
CAC10W	10	E. coli	S	0	0	0	0	0	0	0	DASSIM	ERR3865317	28099_1_103	ERR3865317
CAD12K	69	E. coli	S	0	0	0	0	0	0	0	DASSIM	ERR3865318	28099_1_104	ERR3865318
CAI10X	167	E. coli	S	1	0	0	0	0	0	0	DASSIM	ERR3865319	28099_1_106	ERR3865319
CAC10M	2852	E. coli	R	0	0	0	0	0	0	0	DASSIM	ERR3865320	28099_1_107	ERR3865320
CAB15V	636	E. coli	S	0	0	0	0	0	0	0	DASSIM	ERR3865322	28099_1_110	ERR3865322
CAC10I	38	E. coli	S	0	0	0	0	0	0	0	DASSIM	ERR3865323	28099_1_111	ERR3865323
CAC14J	617	E. coli	S	0	0	1	0	0	0	0	DASSIM	ERR3865324	28099_1_112	ERR3865324
CAC13G	405	E. coli	S	0	0	1	0	0	0	0	DASSIM	ERR3865325	28099_1_114	ERR3865325
CAC10G	617	E. coli	S	0	0	0	0	0	0	0	DASSIM	ERR3865326	28099_1_115	ERR3865326
CAB199	44	E. coli	R	0	0	1	0	1	0	0	DASSIM	ERR3865327	28099_1_116	ERR3865327
CAC131	410	E. coli	S	0	0	1	0	0	0	0	DASSIM	ERR3865328	28099_1_118	ERR3865328
CAC10C	38	E. coli	S	0	0	0	0	0	0	0	DASSIM	ERR3865329	28099_1_119	ERR3865329
CAB190	131	E. coli	NA	0	0	0	0	0	0	0	DASSIM	ERR3865330	28099_1_120	ERR3865330
CAC108	44	E. coli	S	0	0	1	0	1	0	0	DASSIM	ERR3865332	28099_1_123	ERR3865332
CAB195	617	E. coli	R	1	0	1	0	0	0	0	DASSIM	ERR3865334	28099_1_125	ERR3865334
CAD13Y	44	E. coli	S	0	0	1	0	0	0	0	DASSIM	ERR3865335	28099_1_127	ERR3865335
CAC106	1421	E. coli	R	0	0	0	0	0	0	0	DASSIM	ERR3865336	28099_1_128	ERR3865336
CAB194	44	E. coli	S	0	0	1	0	0	0	0	DASSIM	ERR3865337	28099_1_129	ERR3865337
CAG11H	617	E. coli	R	0	0	0	0	0	0	0	DASSIM	ERR3865338	28099_1_131	ERR3865338
CAB114	167	E. coli	S	0	1	0	0	0	0	0	DASSIM	ERR3865339	28099_1_132	ERR3865339
CAC14R	1722	E. coli	S	0	0	0	0	0	0	0	DASSIM	ERR3865340	28099_1_133	ERR3865340
CAH10B	1421	E. coli	S	0	0	0	0	0	0	0	DASSIM	ERR3865341	28099_1_135	ERR3865341
CAB116	10	E. coli	R	0	0	0	0	0	0	0	DASSIM	ERR3865342	28099_1_136	ERR3865342
CAC14S	69	E. coli	S	0	0	0	0	0	0	0	DASSIM	ERR3865343	28099_1_137	ERR3865343
CAI10C	156	E. coli	S	0	0	0	0	0	0	0	DASSIM	ERR3865344	28099_1_139	ERR3865344
CAC14G	410	E. coli	S	0	0	1	0	0	0	0	DASSIM	ERR3865346	28099_1_141	ERR3865346
CAI10W	48	E. coli	S	1	0	0	0	0	0	0	DASSIM	ERR3865347	28099_1_143	ERR3865347
CAB111	9847	E. coli	S	0	0	0	0	0	0	0	DASSIM	ERR3865348	28099_1_144	ERR3865348
CAD12G	617	E. coli	S	0	0	0	0	0	0	0	DASSIM	ERR3865349	28099_1_145	ERR3865349
CAB10Z	167	E. coli	S	0	0	1	0	0	0	0	DASSIM	ERR3865351	28099_1_148	ERR3865351
CAD12D	410	E. coli	S	0	0	1	0	0	0	0	DASSIM	ERR3865352	28099_1_149	ERR3865352
CAC13D	131	E. coli	S	0	0	1	0	0	0	0	DASSIM	ERR3865353	28099_1_151	ERR3865353
CAB10T	617	E. coli	R	0	0	1	0	0	0	0	DASSIM	ERR3865354	28099_1_152	ERR3865354
CAD12F	131	E. coli	NA	0	0	1	0	0	0	0	DASSIM	ERR3865355	28099_1_153	ERR3865355
CAC130	410	E. coli	S	0	0	1	0	0	0	0	DASSIM	ERR3865356	28099_1_155	ERR3865356
CAB10R	410	E. coli	S	0	0	1	0	0	0	0	DASSIM	ERR3865357	28099_1_156	ERR3865357
CAD12H	2089	E. coli	S	0	0	0	0	0	0	0	DASSIM	ERR3865358	28099_1_157	ERR3865358
CAD107	9847	E. coli	R	1	0	0	0	0	0	0	DASSIM	ERR3865359	28099_1_159	ERR3865359
CAB16C	44	E. coli	S	0	0	1	0	1	0	0	DASSIM	ERR3865360	28099_1_160	ERR3865360
CAD12M	34	E. coli	S	0	0	0	0	0	0	0	DASSIM	ERR3865361	28099_1_161	ERR3865361
CAD13W	410	E. coli	S	0	0	1	0	0	0	0	DASSIM	ERR3865362	28099_1_163	ERR3865362
CAD14P	648	E. coli	R	1	0	1	0	0	0	0	DASSIM	ERR3865364	28099_1_165	ERR3865364
CAG11D	10	E. coli	S	0	0	0	0	0	0	0	DASSIM	ERR3865365	28099_1_167	ERR3865365
CAB16L	410	E. coli	S	0	0	1	0	0	0	0	DASSIM	ERR3865366	28099_1_168	ERR3865366
CAC14I	44	E. coli	S	0	0	1	0	0	0	0	DASSIM	ERR3865367	28099_1_169	ERR3865367
CAH10A	648	E. coli	R	1	0	1	0	0	0	0	DASSIM	ERR3865368	28099_1_171	ERR3865368
CAB16G	405	E. coli	S	0	0	1	0	0	0	0	DASSIM	ERR3865369	28099_1_172	ERR3865369
CAN10W	38	E. coli	S	0	0	0	0	0	0	0	DASSIM	ERR3865370	28099_1_173	ERR3865370
CAI10A	131	E. coli	S	0	0	1	0	0	0	0	DASSIM	ERR3865371	28099_1_175	ERR3865371
CAB16I	167	E. coli	S	0	0	0	0	0	0	0	DASSIM	ERR3865372	28099_1_176	ERR3865372
CAF11G	617	E. coli	S	0	0	1	0	0	0	0	DASSIM	ERR3865373	28099_1_177	ERR3865373
CAI10U	10	E. coli	S	0	0	0	0	0	0	0	DASSIM	ERR3865374	28099_1_179	ERR3865374
CAB16N	656	E. coli	S	0	0	0	0	0	1	0	DASSIM	ERR3865375	28099_1_180	ERR3865375
CAM114	44	E. coli	S	0	0	1	0	0	0	0	DASSIM	ERR3865376	28099_1_181	ERR3865376
CAK103	131	E. coli	S	0	0	1	0	0	0	0	DASSIM	ERR3865378	28099_1_185	ERR3865378
CAC11S	410	E. coli	S	0	0	1	0	0	0	0	DASSIM	ERR3865379	28099_1_187	ERR3865379
CAD142	131	E. coli	S	0	0	1	0	0	0	0	DASSIM	ERR3865380	28099_1_188	ERR3865380
CAM10X	1081	E. coli	R	1	0	1	0	0	0	0	DASSIM	ERR3865381	28099_1_189	ERR3865381
CAD106	6636	E. coli	S	0	0	0	0	0	0	0	DASSIM	ERR3865382	28099_1_191	ERR3865382
CAD144	1944	E. coli	R	0	0	0	0	0	1	0	DASSIM	ERR3865383	28099_1_192	ERR3865383
CAN10M	10	E. coli	S	0	0	0	0	0	0	0	DASSIM	ERR3865384	28099_1_193	ERR3865384
CAD13B	10	E. coli	R	0	0	0	0	0	0	0	DASSIM	ERR3865385	28099_1_195	ERR3865385
CAE108	617	E. coli	R	0	0	1	0	0	0	0	DASSIM	ERR3865386	28099_1_196	ERR3865386
CAG11C	101	E. coli	S	0	0	0	0	0	1	0	DASSIM	ERR3865388	28099_1_199	ERR3865388
CAE10M	NA	E. coli	S	0	0	0	0	0	0	0	DASSIM	ERR3865389	28099_1_200	ERR3865389
CAH100	167	E. coli	S	1	0	0	0	0	0	0	DASSIM	ERR3865391	28099_1_203	ERR3865391
CAE112	46	E. coli	S	0	0	0	1	0	0	0	DASSIM	ERR3865392	28099_1_204	ERR3865392
CAC147	636	E. coli	S	0	0	0	0	0	0	0	DASSIM	ERR3865393	28099_1_205	ERR3865393
CAH11I	10	E. coli	S	0	0	0	0	0	0	0	DASSIM	ERR3865394	28099_1_207	ERR3865394
CAE118	410	E. coli	S	0	0	1	0	0	0	0	DASSIM	ERR3865395	28099_1_208	ERR3865395
CAD13E	167	E. coli	S	1	0	0	0	0	0	0	DASSIM	ERR3865396	28099_1_209	ERR3865396
CAI10T	1421	E. coli	S	0	0	0	0	0	0	0	DASSIM	ERR3865397	28099_1_211	ERR3865397
CAE119	101	E. coli	S	0	0	0	0	0	1	0	DASSIM	ERR3865398	28099_1_212	ERR3865398
CAE11A	1722	E. coli	S	0	0	0	0	0	0	0	DASSIM	ERR3865399	28099_1_213	ERR3865399
CAD13F	617	E. coli	S	0	0	1	0	0	0	0	DASSIM	ERR3865400	28099_1_214	ERR3865400
CAM10W	48	E. coli	R	0	0	0	0	0	1	0	DASSIM	ERR3865401	28099_1_216	ERR3865401
CAE11B	410	E. coli	S	0	0	1	0	0	0	0	DASSIM	ERR3865402	28099_1_217	ERR3865402
CAD13G	940	E. coli	R	1	0	0	0	0	0	0	DASSIM	ERR3865403	28099_1_218	ERR3865403
CAC13B	410	E. coli	S	0	0	1	0	0	0	0	DASSIM	ERR3865404	28099_1_220	ERR3865404
CAE11S	34	E. coli	S	0	0	0	0	0	0	0	DASSIM	ERR3865405	28099_1_221	ERR3865405
CAD13H	69	E. coli	R	0	0	0	0	0	0	0	DASSIM	ERR3865406	28099_1_222	ERR3865406
CAC12Z	1485	E. coli	R	0	0	0	0	0	1	0	DASSIM	ERR3865407	28099_1_224	ERR3865407
CAE12S	34	E. coli	S	0	0	0	0	0	0	0	DASSIM	ERR3865408	28099_1_225	ERR3865408
CAD13I	940	E. coli	S	1	0	0	0	0	0	0	DASSIM	ERR3865409	28099_1_226	ERR3865409
CAD102	10	E. coli	S	0	0	0	0	0	0	0	DASSIM	ERR3865410	28099_1_228	ERR3865410
CAF10P	1421	E. coli	R	0	0	0	0	0	0	0	DASSIM	ERR3865411	28099_1_229	ERR3865411
CAD145	167	E. coli	NA	1	0	0	0	0	0	0	DASSIM	ERR3865412	28099_1_230	ERR3865412
CAD13A	131	E. coli	S	0	0	0	0	0	0	0	DASSIM	ERR3865413	28099_1_232	ERR3865413
CAF10Q	656	E. coli	S	0	0	0	0	0	0	0	DASSIM	ERR3865414	28099_1_233	ERR3865414
CAD146	517	E. coli	NA	0	0	0	0	0	0	0	DASSIM	ERR3865415	28099_1_234	ERR3865415
CAG127	48	E. coli	R	1	0	0	0	0	0	0	DASSIM	ERR3865416	28099_1_236	ERR3865416
CAF10T	131	E. coli	R	0	0	0	0	0	0	0	DASSIM	ERR3865417	28099_1_237	ERR3865417
CAD147	224	E. coli	R	0	0	0	0	0	0	0	DASSIM	ERR3865418	28099_1_238	ERR3865418
CAH11G	2705	E. coli	S	0	0	0	0	0	1	0	DASSIM	ERR3865419	28099_1_240	ERR3865419
CAF10X	405	E. coli	S	0	0	0	0	0	0	0	DASSIM	ERR3865420	28099_1_241	ERR3865420
CAD148	1421	E. coli	S	0	0	0	0	0	0	0	DASSIM	ERR3865421	28099_1_242	ERR3865421
CAI10P	656	E. coli	S	0	0	0	0	0	0	0	DASSIM	ERR3865422	28099_1_244	ERR3865422
CAG101	648	E. coli	S	1	0	1	0	0	0	0	DASSIM	ERR3865423	28099_1_245	ERR3865423
CAD149	5824	E. coli	R	0	0	0	0	0	0	0	DASSIM	ERR3865424	28099_1_246	ERR3865424
CAL111	NA	E. coli	R	1	0	0	0	0	0	0	DASSIM	ERR3865425	28099_1_248	ERR3865425
CAG109	9847	E. coli	R	1	0	0	0	0	0	0	DASSIM	ERR3865426	28099_1_249	ERR3865426
CAD14D	131	E. coli	S	1	0	0	0	0	0	0	DASSIM	ERR3865427	28099_1_250	ERR3865427
CAC139	410	E. coli	S	0	0	1	0	0	0	0	DASSIM	ERR3865428	28099_1_252	ERR3865428
CAG10H	131	E. coli	S	0	0	1	0	0	0	0	DASSIM	ERR3865429	28099_1_253	ERR3865429
CAD14E	131	E. coli	R	0	0	0	0	0	0	0	DASSIM	ERR3865430	28099_1_254	ERR3865430
CAC12B	410	E. coli	S	0	0	1	0	0	0	0	DASSIM	ERR3865431	28099_1_256	ERR3865431
CAC13X	73	E. coli	S	0	0	0	0	0	0	0	DASSIM	ERR3865432	28099_1_257	ERR3865432
CAD14G	226	E. coli	S	0	0	0	0	0	0	0	DASSIM	ERR3865433	28099_1_258	ERR3865433
CAD100	131	E. coli	S	0	0	0	0	0	0	0	DASSIM	ERR3865434	28099_1_260	ERR3865434
CAC13U	44	E. coli	NA	0	0	1	0	0	0	0	DASSIM	ERR3865435	28099_1_261	ERR3865435
CAD118	940	E. coli	R	1	0	0	0	0	0	0	DASSIM	ERR3865437	28099_1_264	ERR3865437
CAD14J	617	E. coli	S	0	0	0	0	0	0	0	DASSIM	ERR3865439	28099_1_266	ERR3865439
CAD13L	410	E. coli	R	0	0	1	0	0	0	0	DASSIM	ERR3865440	28099_1_268	ERR3865440
CAC13S	636	E. coli	S	0	0	0	0	0	0	0	DASSIM	ERR3865441	28099_1_269	ERR3865441
CAD14K	38	E. coli	S	0	0	0	0	0	0	0	DASSIM	ERR3865442	28099_1_270	ERR3865442
CAG126	131	E. coli	S	0	0	0	0	0	0	0	DASSIM	ERR3865443	28099_1_272	ERR3865443
CAC13R	1421	E. coli	NA	0	0	0	0	0	0	0	DASSIM	ERR3865444	28099_1_273	ERR3865444
CAE11D	38	E. coli	R	0	0	0	0	0	0	0	DASSIM	ERR3865445	28099_1_274	ERR3865445
CAC13Q	38	E. coli	R	0	0	0	0	0	0	0	DASSIM	ERR3865447	28099_1_277	ERR3865447
CAE12U	10	E. coli	R	0	0	0	0	0	0	0	DASSIM	ERR3865448	28099_1_278	ERR3865448
CAI10N	617	E. coli	R	1	0	1	0	0	0	0	DASSIM	ERR3865449	28099_1_280	ERR3865449
CAC13P	155	E. coli	S	0	0	0	0	0	0	0	DASSIM	ERR3865450	28099_1_281	ERR3865450
CAE12W	167	E. coli	S	0	0	0	0	0	0	0	DASSIM	ERR3865451	28099_1_282	ERR3865451
CAK10P	1201	E. coli	R	0	0	0	0	0	1	0	DASSIM	ERR3865452	28099_1_284	ERR3865452
CAC13N	46	E. coli	S	0	0	0	1	0	0	0	DASSIM	ERR3865453	28099_1_285	ERR3865453
CAE12X	10	E. coli	R	0	0	0	0	0	0	0	DASSIM	ERR3865454	28099_1_286	ERR3865454
CAC11Y	410	E. coli	R	0	0	1	0	0	0	0	DASSIM	ERR3865455	28099_1_288	ERR3865455
CAC13M	44	E. coli	S	0	0	0	0	0	0	0	DASSIM	ERR3865456	28099_1_289	ERR3865456
CAC13L	636	E. coli	R	0	0	0	0	0	0	0	DASSIM	ERR3865459	28099_1_293	ERR3865459
CAF10Z	131	E. coli	S	0	0	0	0	0	0	0	DASSIM	ERR3865460	28099_1_294	ERR3865460
CAB184	44	E. coli	S	1	0	1	0	0	0	0	DASSIM	ERR3865462	28099_1_297	ERR3865462
CAD114	131	E. coli	S	0	0	1	0	0	0	0	DASSIM	ERR3865464	28099_1_300	ERR3865464
CAD13Q	167	E. coli	S	0	0	0	0	0	0	0	DASSIM	ERR3865465	28099_1_301	ERR3865465
CAB18U	940	E. coli	R	1	0	0	0	0	0	0	DASSIM	ERR3865466	28099_1_302	ERR3865466
CAF113	940	E. coli	S	1	0	0	0	0	0	0	DASSIM	ERR3865467	28099_1_303	ERR3865467
CAG125	636	E. coli	S	0	0	0	0	0	0	0	DASSIM	ERR3865468	28099_1_305	ERR3865468
CAB18S	10	E. coli	R	0	0	0	0	0	0	0	DASSIM	ERR3865469	28099_1_306	ERR3865469
CAF114	69	E. coli	S	0	0	0	0	0	0	0	DASSIM	ERR3865470	28099_1_307	ERR3865470
CAH119	636	E. coli	S	0	0	0	0	0	0	0	DASSIM	ERR3865471	28099_1_309	ERR3865471
CAF115	44	E. coli	S	0	0	1	0	0	0	0	DASSIM	ERR3865473	28099_1_311	ERR3865473
CAI10M	69	E. coli	NA	0	0	0	0	0	0	0	DASSIM	ERR3865474	28099_1_313	ERR3865474
CAB18A	410	E. coli	R	0	0	1	0	0	0	0	DASSIM	ERR3865475	28099_1_314	ERR3865475
CAL11A	167	E. coli	R	1	0	0	0	0	0	0	DASSIM	ERR3865476	28099_1_315	ERR3865476
CAJ10L	167	E. coli	S	1	0	0	0	0	0	0	DASSIM	ERR3865477	28099_1_317	ERR3865477
CAB189	410	E. coli	S	0	0	1	0	0	0	0	DASSIM	ERR3865478	28099_1_318	ERR3865478
CAF11A	405	E. coli	S	0	0	1	0	0	0	0	DASSIM	ERR3865479	28099_1_319	ERR3865479
CAB16R	1722	E. coli	S	0	0	0	0	0	0	0	DASSIM	ERR3865480	28099_1_321	ERR3865480
CAB188	131	E. coli	S	0	0	0	0	0	0	0	DASSIM	ERR3865481	28099_1_322	ERR3865481
CAF11B	648	E. coli	S	1	0	1	0	0	0	0	DASSIM	ERR3865482	28099_1_323	ERR3865482
CAC13J	648	E. coli	R	1	0	1	0	0	0	0	DASSIM	ERR3865483	28099_1_325	ERR3865483
CAB183	410	E. coli	S	0	0	1	0	0	0	0	DASSIM	ERR3865484	28099_1_326	ERR3865484
CAF11C	410	E. coli	S	0	0	1	0	0	0	0	DASSIM	ERR3865485	28099_1_327	ERR3865485
CAC134	617	E. coli	R	1	0	1	0	0	0	0	DASSIM	ERR3865486	28099_1_329	ERR3865486
CAB182	9847	E. coli	S	1	0	0	0	0	0	0	DASSIM	ERR3865487	28099_1_330	ERR3865487
CAG11J	44	E. coli	S	0	0	1	0	1	0	0	DASSIM	ERR3865488	28099_1_331	ERR3865488
CAD10V	131	E. coli	S	0	0	0	0	0	0	0	DASSIM	ERR3865489	28099_1_333	ERR3865489
CAB181	410	E. coli	S	0	0	1	0	0	0	0	DASSIM	ERR3865490	28099_1_334	ERR3865490
CAG129	636	E. coli	S	0	0	0	0	0	0	0	DASSIM	ERR3865491	28099_1_335	ERR3865491
CAD13T	410	E. coli	S	0	0	1	0	0	0	0	DASSIM	ERR3865492	28099_1_337	ERR3865492
CAB180	410	E. coli	R	0	0	1	0	0	0	0	DASSIM	ERR3865493	28099_1_338	ERR3865493
CAG12A	940	E. coli	S	1	0	0	0	0	0	0	DASSIM	ERR3865494	28099_1_339	ERR3865494
CAG123	44	E. coli	S	0	0	1	0	0	0	0	DASSIM	ERR3865495	28099_1_341	ERR3865495
CAB17W	131	E. coli	R	0	0	0	0	0	0	0	DASSIM	ERR3865496	28099_1_342	ERR3865496
CAI10Y	940	E. coli	S	1	0	0	0	0	0	0	DASSIM	ERR3865497	28099_1_343	ERR3865497
CAH117	5824	E. coli	S	0	0	0	0	0	0	0	DASSIM	ERR3865498	28099_1_345	ERR3865498
CAB17U	167	E. coli	R	1	0	0	0	0	0	0	DASSIM	ERR3865499	28099_1_346	ERR3865499
CAI10Z	NA	E. coli	S	1	0	1	0	0	0	0	DASSIM	ERR3865500	28099_1_347	ERR3865500
CAI10J	10	E. coli	S	0	0	0	0	0	0	0	DASSIM	ERR3865501	28099_1_349	ERR3865501
CAB17S	648	E. coli	R	1	0	1	0	0	0	0	DASSIM	ERR3865502	28099_1_350	ERR3865502
CAI111	131	E. coli	R	0	0	0	0	0	0	0	DASSIM	ERR3865503	28099_1_351	ERR3865503
CAJ10E	167	E. coli	S	0	0	0	0	0	0	0	DASSIM	ERR3865504	28099_1_353	ERR3865504
CAB17R	636	E. coli	S	0	0	0	0	0	0	0	DASSIM	ERR3865505	28099_1_354	ERR3865505
CAJ10G	349	E. coli	S	1	0	0	0	0	0	0	DASSIM	ERR3865506	28099_1_355	ERR3865506
CAB15T	131	E. coli	S	0	0	1	0	0	0	0	DASSIM	ERR3865507	28099_1_357	ERR3865507
CAB17Q	5824	E. coli	S	0	0	0	0	0	0	0	DASSIM	ERR3865508	28099_1_358	ERR3865508
CAJ10H	940	E. coli	R	1	0	0	0	0	0	0	DASSIM	ERR3865509	28099_1_359	ERR3865509
CAB15R	10	E. coli	R	0	0	0	0	0	0	0	DASSIM	ERR3865510	28099_1_361	ERR3865510
CAB17M	46	E. coli	S	1	0	0	0	0	0	0	DASSIM	ERR3865511	28099_1_362	ERR3865511
CAJ10I	6636	E. coli	S	0	0	0	0	0	0	0	DASSIM	ERR3865512	28099_1_363	ERR3865512
CAB15P	636	E. coli	S	0	0	0	0	0	0	0	DASSIM	ERR3865513	28099_1_365	ERR3865513
CAB171	44	E. coli	S	0	0	1	0	0	0	0	DASSIM	ERR3865514	28099_1_366	ERR3865514
CAJ10J	410	E. coli	S	0	0	1	0	0	0	0	DASSIM	ERR3865515	28099_1_367	ERR3865515
CAB170	636	E. coli	S	0	0	0	0	0	0	0	DASSIM	ERR3865517	28099_1_370	ERR3865517
CAJ10K	38	E. coli	S	0	0	0	0	0	0	0	DASSIM	ERR3865518	28099_1_371	ERR3865518
CAB165	5824	E. coli	S	0	0	0	0	0	0	0	DASSIM	ERR3865519	28099_1_373	ERR3865519
CAB16Z	69	E. coli	NA	0	0	0	0	0	0	0	DASSIM	ERR3865520	28099_1_374	ERR3865520
CAJ10N	73	E. coli	R	0	0	0	0	0	0	0	DASSIM	ERR3865521	28099_1_375	ERR3865521
CAB164	44	E. coli	S	0	0	1	0	0	0	0	DASSIM	ERR3865522	28099_1_377	ERR3865522
CAB16Y	410	E. coli	S	0	0	1	0	0	0	0	DASSIM	ERR3865523	28099_1_378	ERR3865523
CAJ10P	648	E. coli	R	1	0	1	0	0	0	0	DASSIM	ERR3865524	28099_1_379	ERR3865524
CAB163	656	E. coli	S	0	0	0	0	0	0	0	DASSIM	ERR3865525	28099_1_381	ERR3865525
CAB16X	354	E. coli	S	0	0	0	0	0	0	0	DASSIM	ERR3865526	28099_1_382	ERR3865526
CAK10R	354	E. coli	S	0	0	0	0	0	0	0	DASSIM	ERR3865527	28099_1_383	ERR3865527
CAK10S	48	E. coli	R	0	0	0	0	0	1	0	DASSIM	ERR3865528	28099_2_3	ERR3865528
CAK10U	4981	E. coli	S	0	0	0	0	0	0	0	DASSIM	ERR3865529	28099_2_8	ERR3865529
CAL115	131	E. coli	S	0	0	0	0	0	0	0	DASSIM	ERR3865530	28099_2_12	ERR3865530
CAL116	131	E. coli	S	0	0	0	0	0	0	0	DASSIM	ERR3865531	28099_2_16	ERR3865531
CAL11B	10	E. coli	S	0	0	0	0	0	0	0	DASSIM	ERR3865533	28099_2_24	ERR3865533
CAL11C	101	E. coli	R	0	0	0	0	0	1	0	DASSIM	ERR3865535	28099_2_32	ERR3865535
CAH11K	1421	E. coli	R	0	0	0	0	0	1	0	DASSIM	ERR3865536	28099_2_36	ERR3865536
CAI10V	38	E. coli	S	0	0	0	0	0	0	0	DASSIM	ERR3865537	28099_2_40	ERR3865537
CAM110	1421	E. coli	S	0	0	0	0	0	0	0	DASSIM	ERR3865538	28099_2_44	ERR3865538
CAM112	167	E. coli	S	1	0	0	0	0	0	0	DASSIM	ERR3865539	28099_2_48	ERR3865539
CAN107	636	E. coli	S	0	0	0	0	0	0	0	DASSIM	ERR3865541	28099_2_56	ERR3865541
CAN108	617	E. coli	R	0	0	0	0	0	0	0	DASSIM	ERR3865542	28099_2_60	ERR3865542
CAN10Q	3856	E. coli	R	0	0	0	0	0	1	0	DASSIM	ERR3865543	28099_2_64	ERR3865543
CAC13Z	44	E. coli	S	0	0	1	0	0	0	0	DASSIM	ERR3865546	28099_2_76	ERR3865546
CAC140	131	E. coli	R	0	0	0	0	0	0	0	DASSIM	ERR3865547	28099_2_80	ERR3865547
CAC141	167	E. coli	R	1	0	0	0	0	0	0	DASSIM	ERR3865548	28099_2_84	ERR3865548
CAC132	940	E. coli	S	1	0	0	0	0	0	0	DASSIM	ERR3865549	28099_2_88	ERR3865549
CAB190	517	E. coli	NA	0	0	0	0	0	0	0	DASSIM	ERR3865550	28099_2_92	ERR3865550
CAB19F	131	E. coli	S	0	0	1	0	0	0	0	DASSIM	ERR3865551	28099_2_96	ERR3865551
CAC14N	44	E. coli	S	0	0	1	0	0	0	0	DASSIM	ERR3865552	28099_2_97	ERR3865552
CAL11K	44	E. coli	S	0	0	1	0	0	0	0	DASSIM	ERR3865553	28099_2_101	ERR3865553
CAC14P	410	E. coli	S	0	0	1	0	0	0	0	DASSIM	ERR3865554	28099_2_105	ERR3865554
CAC14T	656	E. coli	S	0	0	0	0	0	0	0	DASSIM	ERR3865555	28099_2_109	ERR3865555
CAC15X	44	E. coli	S	0	0	1	0	0	0	0	DASSIM	ERR3865556	28099_2_113	ERR3865556
CAD11Z	131	E. coli	S	0	0	1	0	0	0	0	DASSIM	ERR3865557	28099_2_117	ERR3865557
CAE14Q	617	E. coli	R	1	0	1	0	0	0	0	DASSIM	ERR3865558	28099_2_121	ERR3865558
CAK171	131	E. coli	S	0	0	0	0	0	0	0	DASSIM	ERR3865559	28099_2_126	ERR3865559
CAC12H	167	E. coli	S	0	0	0	0	0	0	0	DASSIM	ERR3865560	28099_2_130	ERR3865560
CAE135	131	E. coli	R	0	0	1	0	0	0	0	DASSIM	ERR3865562	28099_2_138	ERR3865562
CAF167	1303	E. coli	NA	0	0	0	0	0	0	0	DASSIM	ERR3865563	28099_2_142	ERR3865563
CAF16Y	10	E. coli	R	0	0	0	0	0	0	0	DASSIM	ERR3865564	28099_2_146	ERR3865564
CAE136	6438	E. coli	S	0	0	0	0	0	0	0	DASSIM	ERR3865565	28099_2_150	ERR3865565
CAB18K	131	E. coli	S	0	0	1	0	0	0	0	DASSIM	ERR3865566	28099_2_154	ERR3865566
CAB19H	656	E. coli	R	0	0	0	0	0	0	0	DASSIM	ERR3865567	28099_2_158	ERR3865567
CAB18R	648	E. coli	R	1	0	0	0	0	0	0	DASSIM	ERR3865568	28099_2_162	ERR3865568
CAJ10T	940	E. coli	R	1	0	0	0	0	0	0	DASSIM	ERR3865569	28099_2_166	ERR3865569
CAF158	131	E. coli	S	0	0	0	0	0	0	0	DASSIM	ERR3865570	28099_2_170	ERR3865570
CAE11Q	131	E. coli	S	0	0	0	0	0	0	0	DASSIM	ERR3865571	28099_2_174	ERR3865571
CAC14Q	206	E. coli	S	0	0	0	0	0	0	0	DASSIM	ERR3865572	28099_2_178	ERR3865572
CAD11B	636	E. coli	S	0	0	0	0	0	0	0	DASSIM	ERR3865573	28099_2_182	ERR3865573
CAD123	1146	E. coli	R	0	0	0	0	0	1	0	DASSIM	ERR3865574	28099_2_186	ERR3865574
CAE137	648	E. coli	R	1	0	0	1	0	0	0	DASSIM	ERR3865575	28099_2_190	ERR3865575
CAF170	38	E. coli	S	0	0	0	0	0	0	0	DASSIM	ERR3865576	28099_2_194	ERR3865576
CAE11Q	38	E. coli	S	0	0	0	0	0	0	0	DASSIM	ERR3865577	28099_2_198	ERR3865577
CAD12U	44	E. coli	NA	0	0	1	0	0	0	0	DASSIM	ERR3865579	28099_2_206	ERR3865579
CAE11U	167	E. coli	R	0	0	0	0	0	0	0	DASSIM	ERR3865580	28099_2_210	ERR3865580
CAK10X	636	E. coli	S	0	0	0	0	0	0	0	DASSIM	ERR3865581	28099_2_215	ERR3865581
CAF15A	131	E. coli	S	0	0	0	0	0	0	0	DASSIM	ERR3865582	28099_2_219	ERR3865582
CAC14V	46	E. coli	NA	0	0	0	1	0	1	0	DASSIM	ERR3865583	28099_2_223	ERR3865583
CAB1A7	401	E. coli	NA	0	0	0	0	0	0	0	DASSIM	ERR3865584	28099_2_227	ERR3865584
CAD12W	69	E. coli	S	0	0	0	0	0	0	0	DASSIM	ERR3865585	28099_2_231	ERR3865585
CAD12V	131	E. coli	NA	0	0	0	0	0	0	0	DASSIM	ERR3865586	28099_2_235	ERR3865586
CAB19J	44	E. coli	NA	0	0	1	0	0	0	0	DASSIM	ERR3865587	28099_2_239	ERR3865587
CAF11D	6636	E. coli	S	0	0	0	0	0	0	0	DASSIM	ERR3865588	28099_2_243	ERR3865588
CAC14C	354	E. coli	R	0	0	0	0	0	0	0	DASSIM	ERR3865589	28099_2_247	ERR3865589
CAD14L	48	E. coli	R	1	0	0	0	0	0	0	DASSIM	ERR3865590	28099_2_251	ERR3865590
CAF11E	636	E. coli	S	0	0	0	0	0	0	0	DASSIM	ERR3865591	28099_2_255	ERR3865591
CAC14A	167	E. coli	S	1	0	0	0	0	0	0	DASSIM	ERR3865592	28099_2_259	ERR3865592
CAC14B	44	E. coli	R	0	0	1	0	1	0	0	DASSIM	ERR3865593	28099_2_263	ERR3865593
CAE11I	940	E. coli	R	1	0	0	0	0	0	0	DASSIM	ERR3865598	28099_2_283	ERR3865598
CAK101	636	E. coli	S	0	0	0	0	0	0	0	DASSIM	ERR3865599	28099_2_287	ERR3865599
CAB11D	167	E. coli	S	0	0	0	0	0	0	0	DASSIM	ERR3865600	28099_2_291	ERR3865600
CAE12Q	410	E. coli	NA	0	0	1	0	0	0	0	DASSIM	ERR3865601	28099_2_295	ERR3865601
CAH11E	155	E. coli	S	0	0	0	0	0	1	0	DASSIM	ERR3865602	28099_2_299	ERR3865602
CAK10Q	167	E. coli	R	1	0	0	0	0	0	0	DASSIM	ERR3865603	28099_2_304	ERR3865603
CAH10L	10	E. coli	S	0	0	0	0	0	0	0	DASSIM	ERR3865604	28099_2_308	ERR3865604
CAC14F	410	E. coli	S	0	0	1	0	0	0	0	DASSIM	ERR3865606	28099_2_316	ERR3865606
CAC148	131	E. coli	S	0	0	1	0	0	0	0	DASSIM	ERR3865607	28099_2_320	ERR3865607
CAC159	1193	KpSC	NA	0	1	1	0	0	0	0	DASSIM	ERR6057876	34154_7_3	ERR6057876
CAE11S	280	KpSC	R	0	1	0	0	0	0	0	DASSIM	ERR6057877	34154_7_4	ERR6057877
CAD1AI	14	KpSC	NA	0	0	1	0	0	0	0	DASSIM	ERR6057878	34154_7_5	ERR6057878
CAE12H	101	KpSC	S	0	0	0	0	0	0	0	DASSIM	ERR6057879	34154_7_6	ERR6057879
CAB11B	1079	KpSC	R	0	1	1	0	0	0	0	DASSIM	ERR6057880	34154_7_8	ERR6057880
CAB139	340	KpSC	R	0	1	0	0	0	0	1	DASSIM	ERR6057881	34154_7_10	ERR6057881
CAE15W	35	KpSC	NA	0	1	0	0	0	0	0	DASSIM	ERR6057882	34154_7_11	ERR6057882
CAE12L	340	KpSC	S	0	1	0	0	0	0	1	DASSIM	ERR6057883	34154_7_12	ERR6057883
CAD1AL	1193	KpSC	NA	0	1	1	0	0	0	0	DASSIM	ERR6057884	34154_7_13	ERR6057884
CAE12R	716	KpSC	R	0	0	0	0	0	0	0	DASSIM	ERR6057885	34154_7_14	ERR6057885
CAB159	432	KpSC	S	0	0	0	0	0	0	0	DASSIM	ERR6057886	34154_7_16	ERR6057886
CAB15B	39	KpSC	S	0	0	1	0	0	0	0	DASSIM	ERR6057887	34154_7_18	ERR6057887
CAH11E	5013	KpSC	S	0	0	1	0	0	0	0	DASSIM	ERR6057888	34154_7_19	ERR6057888
CAE12U	NA	KpSC	R	1	0	1	0	0	0	0	DASSIM	ERR6057889	34154_7_20	ERR6057889
CAB15M	152	KpSC	R	1	0	1	0	0	0	0	DASSIM	ERR6057890	34154_7_22	ERR6057890
CAE12V	716	KpSC	S	0	0	0	0	0	0	0	DASSIM	ERR6057891	34154_7_23	ERR6057891
CAB13W	280	KpSC	NA	0	1	0	0	0	0	0	DASSIM	ERR6057892	34154_7_24	ERR6057892
CAB15S	2665	KpSC	S	0	0	0	0	0	0	0	DASSIM	ERR6057893	34154_7_25	ERR6057893
CAF102	15	KpSC	S	0	0	1	0	0	0	0	DASSIM	ERR6057894	34154_7_26	ERR6057894
CAB163	607	KpSC	R	0	1	0	0	0	0	0	DASSIM	ERR6057895	34154_7_27	ERR6057895
CAB15V	14	KpSC	R	0	1	0	0	0	0	0	DASSIM	ERR6057896	34154_7_30	ERR6057896
CAF103	17	KpSC	S	0	0	0	0	0	0	0	DASSIM	ERR6057897	34154_7_31	ERR6057897
CAI19F	37	KpSC	NA	0	0	1	0	0	0	0	DASSIM	ERR6057898	34154_7_32	ERR6057898
CAF109	307	KpSC	S	0	0	1	0	0	0	0	DASSIM	ERR6057899	34154_7_33	ERR6057899
CAB15W	37	KpSC	S	0	0	1	0	0	0	0	DASSIM	ERR6057901	34154_7_36	ERR6057901
CAB166	2601	KpSC	S	0	0	0	0	0	0	0	DASSIM	ERR6057902	34154_7_38	ERR6057902
CAF10C	323	KpSC	S	0	0	1	0	0	0	0	DASSIM	ERR6057903	34154_7_39	ERR6057903
CAG19R	1427	KpSC	S	0	0	1	0	0	0	0	DASSIM	ERR6057904	34154_7_40	ERR6057904
CAF10I	334	KpSC	S	0	0	0	0	0	0	0	DASSIM	ERR6057905	34154_7_41	ERR6057905
CAE1AJ	1777	KpSC	R	0	1	0	0	0	0	0	DASSIM	ERR6057906	34154_7_42	ERR6057906
CAB16A	2668	KpSC	S	0	0	0	0	0	0	0	DASSIM	ERR6057907	34154_7_44	ERR6057907
CAB16G	14	KpSC	S	0	0	1	0	0	0	0	DASSIM	ERR6057908	34154_7_46	ERR6057908
CAF10J	607	KpSC	R	0	1	0	0	0	0	0	DASSIM	ERR6057909	34154_7_47	ERR6057909
CAF19Y	2668	KpSC	S	0	0	0	0	0	0	0	DASSIM	ERR6057910	34154_7_48	ERR6057910
CAE19Z	17	KpSC	R	0	1	0	0	0	0	0	DASSIM	ERR6057911	34154_7_49	ERR6057911
CAF10K	1418	KpSC	NA	0	1	0	0	0	0	0	DASSIM	ERR6057912	34154_7_50	ERR6057912
CAB16N	2176	KpSC	R	1	0	0	0	0	0	0	DASSIM	ERR6057913	34154_7_52	ERR6057913
CAB16R	1418	KpSC	S	0	0	0	0	0	0	0	DASSIM	ERR6057914	34154_7_54	ERR6057914
CAL188	607	KpSC	NA	0	0	0	0	0	0	0	DASSIM	ERR6057915	34154_7_55	ERR6057915
CAF10M	1414	KpSC	S	0	0	0	0	0	0	0	DASSIM	ERR6057916	34154_7_56	ERR6057916
CAC105	307	KpSC	S	0	0	1	0	0	0	0	DASSIM	ERR6057917	34154_7_58	ERR6057917
CAE1B6	607	KpSC	NA	0	1	0	0	0	0	0	DASSIM	ERR6057918	34154_7_59	ERR6057918
CAF10S	551	KpSC	S	0	0	0	0	0	0	0	DASSIM	ERR6057919	34154_7_60	ERR6057919
CAI1AT	35	KpSC	NA	0	0	1	0	0	0	0	DASSIM	ERR6057921	34154_7_62	ERR6057921
CAF113	551	KpSC	R	0	0	0	0	0	0	0	DASSIM	ERR6057922	34154_7_63	ERR6057922
CAF11A	1416	KpSC	S	0	0	0	0	0	0	0	DASSIM	ERR6057925	34154_7_68	ERR6057925
CAI191	307	KpSC	NA	0	0	1	0	0	0	0	DASSIM	ERR6057926	34154_7_69	ERR6057926
CAF11C	NA	KpSC	R	0	0	0	0	0	0	0	DASSIM	ERR6057927	34154_7_70	ERR6057927
CAC10Q	340	KpSC	R	0	0	0	0	0	0	1	DASSIM	ERR6057929	34154_7_74	ERR6057929
CAH18C	45	KpSC	NA	0	0	0	0	0	0	0	DASSIM	ERR6057930	34154_7_75	ERR6057930
CAG104	392	KpSC	S	0	0	1	0	0	0	0	DASSIM	ERR6057931	34154_7_76	ERR6057931
CAG1A1	34	KpSC	NA	0	1	0	0	0	0	0	DASSIM	ERR6057932	34154_7_77	ERR6057932
CAG106	736	KpSC	S	0	0	0	0	0	0	0	DASSIM	ERR6057933	34154_7_78	ERR6057933
CAC10Z	607	KpSC	R	0	1	0	0	0	0	0	DASSIM	ERR6057934	34154_7_80	ERR6057934
CAI193	391	KpSC	NA	0	1	0	0	0	0	0	DASSIM	ERR6057936	34154_7_83	ERR6057936
CAG10G	340	KpSC	R	0	1	0	0	0	0	1	DASSIM	ERR6057937	34154_7_84	ERR6057937
CAC11A	231	KpSC	R	0	1	0	0	0	0	0	DASSIM	ERR6057938	34154_7_86	ERR6057938
CAF1AS	25	KpSC	NA	0	0	1	0	0	0	0	DASSIM	ERR6057939	34154_7_87	ERR6057939
CAG118	34	KpSC	S	0	0	0	0	0	0	0	DASSIM	ERR6057940	34154_7_88	ERR6057940
CAC11G	37	KpSC	S	0	0	0	0	0	0	0	DASSIM	ERR6057941	34154_7_89	ERR6057941
CAF1AS	391	KpSC	NA	0	1	0	0	0	0	0	DASSIM	ERR6057942	34154_7_90	ERR6057942
CAG11F	101	KpSC	S	0	0	0	0	0	0	0	DASSIM	ERR6057943	34154_7_91	ERR6057943
CAC11K	15	KpSC	S	0	0	1	0	0	0	0	DASSIM	ERR6057944	34154_7_94	ERR6057944
CAM1AC	716	KpSC	NA	0	0	0	0	0	0	0	DASSIM	ERR6057945	34154_7_95	ERR6057945
CAG120	2601	KpSC	NA	0	0	0	0	0	0	0	DASSIM	ERR6057946	34154_7_96	ERR6057946
CAE1BG	5153	KpSC	NA	0	0	1	0	0	0	0	DASSIM	ERR6057947	34154_7_97	ERR6057947
CAG12A	101	KpSC	S	0	0	0	0	0	0	0	DASSIM	ERR6057948	34154_7_98	ERR6057948
CAC11N	45	KpSC	R	0	1	1	0	0	0	1	DASSIM	ERR6057949	34154_7_100	ERR6057949
CAC11P	340	KpSC	R	0	1	0	0	0	0	1	DASSIM	ERR6057950	34154_7_102	ERR6057950
CAE1BH	101	KpSC	NA	0	0	0	0	0	0	0	DASSIM	ERR6057951	34154_7_103	ERR6057951
CAH101	152	KpSC	R	1	0	1	0	0	0	0	DASSIM	ERR6057952	34154_7_104	ERR6057952
CAH104	34	KpSC	R	0	1	0	0	0	0	0	DASSIM	ERR6057953	34154_7_105	ERR6057953
CAM16Z	14	KpSC	NA	0	1	1	0	0	0	1	DASSIM	ERR6057954	34154_7_106	ERR6057954
CAC11Q	607	KpSC	R	0	1	0	0	0	0	0	DASSIM	ERR6057955	34154_7_108	ERR6057955
CAC11S	736	KpSC	R	0	1	0	0	0	0	1	DASSIM	ERR6057956	34154_7_110	ERR6057956
CAM11R	1427	KpSC	NA	0	0	1	0	0	0	0	DASSIM	ERR6057958	34154_7_112	ERR6057958
CAC11W	340	KpSC	R	0	0	0	0	0	0	0	DASSIM	ERR6057961	34154_7_116	ERR6057961
CAC11Y	14	KpSC	R	0	1	0	0	0	0	0	DASSIM	ERR6057962	34154_7_118	ERR6057962
CAH10K	54	KpSC	R	1	0	0	0	0	0	0	DASSIM	ERR6057963	34154_7_119	ERR6057963
CAC127	219	KpSC	R	0	1	0	0	0	0	0	DASSIM	ERR6057965	34154_7_122	ERR6057965
CAH11K	340	KpSC	R	0	1	0	0	0	0	1	DASSIM	ERR6057966	34154_7_123	ERR6057966
CAC12B	NA	KpSC	R	0	0	0	0	0	0	0	DASSIM	ERR6057968	34154_7_125	ERR6057968
CAC12C	152	KpSC	S	1	0	1	0	0	0	0	DASSIM	ERR6057971	34154_7_130	ERR6057971
CAI101	392	KpSC	S	0	0	1	0	0	0	0	DASSIM	ERR6057972	34154_7_131	ERR6057972
CAI105	14	KpSC	R	0	0	0	0	0	0	0	DASSIM	ERR6057975	34154_7_134	ERR6057975
CAC133	152	KpSC	R	1	0	1	0	0	0	0	DASSIM	ERR6057976	34154_7_136	ERR6057976
CAC134	152	KpSC	R	1	0	1	0	0	0	0	DASSIM	ERR6057977	34154_7_138	ERR6057977
CAI10C	17	KpSC	S	0	0	0	0	0	0	0	DASSIM	ERR6057979	34154_7_140	ERR6057979
CAI10E	45	KpSC	S	0	0	1	0	0	0	0	DASSIM	ERR6057981	34154_7_142	ERR6057981
CAC137	25	KpSC	S	0	0	1	0	0	0	0	DASSIM	ERR6057982	34154_7_144	ERR6057982
CAC13C	3717	KpSC	S	0	0	0	0	0	0	0	DASSIM	ERR6057983	34154_7_146	ERR6057983
CAI10H	307	KpSC	S	0	0	1	0	0	0	0	DASSIM	ERR6057985	34154_7_148	ERR6057985
CAC13D	340	KpSC	S	0	0	1	0	0	0	0	DASSIM	ERR6057986	34154_7_150	ERR6057986
CAI10J	1777	KpSC	R	0	1	0	0	0	0	0	DASSIM	ERR6057988	34154_7_152	ERR6057988
CAC13G	1582	KpSC	R	0	1	1	0	0	0	0	DASSIM	ERR6057989	34154_7_153	ERR6057989
CAI10S	2176	KpSC	R	1	0	0	0	0	0	0	DASSIM	ERR6057991	34154_7_155	ERR6057991
CAC13I	392	KpSC	S	0	0	1	0	0	0	0	DASSIM	ERR6057992	34154_7_158	ERR6057992
CAI10U	15	KpSC	S	0	0	1	0	0	0	0	DASSIM	ERR6057994	34154_7_160	ERR6057994
CAI10V	789	KpSC	S	0	0	0	0	0	0	0	DASSIM	ERR6057996	34154_7_162	ERR6057996
CAD100	15	KpSC	S	0	0	1	0	0	0	0	DASSIM	ERR6057997	34154_7_164	ERR6057997
CAD101	340	KpSC	R	0	1	0	0	0	0	1	DASSIM	ERR6057998	34154_7_166	ERR6057998
CAI10W	280	KpSC	R	0	1	0	0	0	0	0	DASSIM	ERR6058000	34154_7_168	ERR6058000
CAD107	14	KpSC	R	0	0	0	0	0	0	0	DASSIM	ERR6058003	34154_7_172	ERR6058003
CAD10C	25	KpSC	S	0	0	1	0	0	0	0	DASSIM	ERR6058004	34154_7_174	ERR6058004
CAJ10A	45	KpSC	S	0	1	1	0	0	0	0	DASSIM	ERR6058006	34154_7_176	ERR6058006
CAJ10D	1777	KpSC	R	0	1	0	0	0	0	0	DASSIM	ERR6058008	34154_7_178	ERR6058008
CAD10F	1079	KpSC	R	0	0	1	0	0	0	0	DASSIM	ERR6058009	34154_7_179	ERR6058009
CAK10Q	34	KpSC	R	0	1	0	0	0	0	0	DASSIM	ERR6058011	34154_7_183	ERR6058011
CAD10N	70	KpSC	S	0	0	1	0	0	0	0	DASSIM	ERR6058012	34154_7_184	ERR6058012
CAD10V	1427	KpSC	S	0	0	1	0	0	0	0	DASSIM	ERR6058013	34154_7_185	ERR6058013
CAL108	5013	KpSC	S	0	0	1	0	0	0	0	DASSIM	ERR6058016	34154_7_189	ERR6058016
CAB16X	2668	KpSC	NA	0	0	0	0	0	0	0	DASSIM	ERR6058018	34154_7_191	ERR6058018
CAL111	14	KpSC	R	1	0	1	0	0	0	0	DASSIM	ERR6058019	34154_7_194	ERR6058019
CAL11A	29	KpSC	S	0	0	1	0	0	0	0	DASSIM	ERR6058022	34154_7_197	ERR6058022
CAB16Z	1035	KpSC	NA	0	0	0	0	0	0	0	DASSIM	ERR6058024	34154_7_199	ERR6058024
CAL11C	1916	KpSC	S	0	0	1	0	0	0	0	DASSIM	ERR6058025	34154_7_202	ERR6058025
CAB170	584	KpSC	S	0	0	1	0	0	0	0	DASSIM	ERR6058027	34154_7_204	ERR6058027
CAM105	NA	KpSC	R	1	1	0	0	0	0	0	DASSIM	ERR6058028	34154_7_205	ERR6058028
CAB17M	15	KpSC	S	0	0	1	0	0	0	0	DASSIM	ERR6058030	34154_7_207	ERR6058030
CAM108	39	KpSC	S	0	0	0	0	0	0	0	DASSIM	ERR6058031	34154_7_210	ERR6058031
CAB17N	5028	KpSC	R	0	1	0	0	0	0	0	DASSIM	ERR6058033	34154_7_212	ERR6058033
CAB17P	14	KpSC	R	0	0	0	0	0	0	0	DASSIM	ERR6058034	34154_7_213	ERR6058034
CAM109	280	KpSC	NA	0	0	1	0	0	0	0	DASSIM	ERR6058036	34154_7_216	ERR6058036
CAM10E	307	KpSC	NA	0	0	1	0	0	0	0	DASSIM	ERR6058038	34154_7_218	ERR6058038
CAB17W	391	KpSC	R	0	1	0	0	0	0	0	DASSIM	ERR6058039	34154_7_219	ERR6058039
CAB180	2668	KpSC	S	0	0	0	0	0	0	0	DASSIM	ERR6058040	34154_7_221	ERR6058040
CAM10J	551	KpSC	S	0	0	0	0	0	0	0	DASSIM	ERR6058042	34154_7_224	ERR6058042
CAM10T	101	KpSC	S	0	0	0	0	0	0	0	DASSIM	ERR6058044	34154_7_226	ERR6058044
CAB183	307	KpSC	S	0	0	1	0	0	0	0	DASSIM	ERR6058045	34154_7_227	ERR6058045
CAN100	1414	KpSC	S	0	0	0	0	0	0	0	DASSIM	ERR6058047	34154_7_231	ERR6058047
CAB188	789	KpSC	R	1	0	0	0	0	0	0	DASSIM	ERR6058048	34154_7_232	ERR6058048
CAC147	307	KpSC	S	0	0	1	0	0	0	0	DASSIM	ERR6058050	34154_7_234	ERR6058050
CAC13L	340	KpSC	R	0	1	0	0	0	0	1	DASSIM	ERR6058051	34154_7_235	ERR6058051
CAF16Y	152	KpSC	R	1	0	1	0	0	0	0	DASSIM	ERR6058053	34154_7_239	ERR6058053
CAC13R	340	KpSC	NA	0	1	0	0	0	0	1	DASSIM	ERR6058054	34154_7_240	ERR6058054
CAF1AJ	15	KpSC	NA	1	0	1	0	0	0	0	DASSIM	ERR6058056	34154_7_242	ERR6058056
CAF11D	3477	KpSC	S	0	0	0	0	0	0	0	DASSIM	ERR6058059	34154_7_247	ERR6058059
CAC13T	607	KpSC	R	0	1	0	0	0	0	0	DASSIM	ERR6058060	34154_7_248	ERR6058060
CAC13X	NA	KpSC	S	0	0	0	0	0	0	0	DASSIM	ERR6058061	34154_7_249	ERR6058061
CAC14A	5013	KpSC	S	0	0	1	0	0	0	0	DASSIM	ERR6058063	34154_7_252	ERR6058063
CAC14C	985	KpSC	S	0	0	1	0	0	0	0	DASSIM	ERR6058065	34154_7_254	ERR6058065
CAC13Y	307	KpSC	R	0	0	1	0	0	0	0	DASSIM	ERR6058066	34154_7_255	ERR6058066
CAF11G	15	KpSC	S	1	0	1	0	0	0	1	DASSIM	ERR6058068	34154_7_259	ERR6058068
CAC143	3717	KpSC	S	0	0	0	0	0	0	0	DASSIM	ERR6058069	34154_7_260	ERR6058069
CAD12F	15	KpSC	NA	0	0	1	0	0	0	0	DASSIM	ERR6058071	34154_7_262	ERR6058071
CAD110	45	KpSC	S	0	0	1	0	0	0	0	DASSIM	ERR6058072	34154_7_263	ERR6058072
CAD14M	101	KpSC	S	0	0	0	0	0	0	0	DASSIM	ERR6058074	34154_7_267	ERR6058074
CAD12Z	15	KpSC	S	0	0	1	0	0	0	0	DASSIM	ERR6058075	34154_7_268	ERR6058075
CAN10W	307	KpSC	R	0	1	0	0	0	0	0	DASSIM	ERR6058076	34154_7_269	ERR6058076
CAD134	403	KpSC	S	0	0	1	0	0	0	0	DASSIM	ERR6058078	34154_7_271	ERR6058078
CAC14I	1799	KpSC	R	1	0	0	0	0	0	0	DASSIM	ERR6058079	34154_7_274	ERR6058079
CAD135	391	KpSC	S	0	0	1	0	0	0	0	DASSIM	ERR6058081	34154_7_276	ERR6058081
CAD137	14	KpSC	S	0	0	0	0	0	0	0	DASSIM	ERR6058082	34154_7_277	ERR6058082
CAC14G	1427	KpSC	R	0	0	1	0	0	0	0	DASSIM	ERR6058083	34154_7_279	ERR6058083
CAB194	1799	KpSC	R	1	0	0	0	0	0	0	DASSIM	ERR6058085	34154_7_281	ERR6058085
CAD13B	15	KpSC	S	0	0	1	0	0	0	0	DASSIM	ERR6058087	34154_7_283	ERR6058087
CAB195	NA	KpSC	S	0	0	0	0	0	0	0	DASSIM	ERR6058089	34154_7_287	ERR6058089
CAD12I	307	KpSC	S	0	0	1	0	0	0	0	DASSIM	ERR6058091	34154_7_289	ERR6058091
CAD13G	14	KpSC	R	0	1	0	0	0	0	0	DASSIM	ERR6058093	34154_7_291	ERR6058093
CAD11T	147	KpSC	S	0	0	1	0	0	0	0	DASSIM	ERR6058094	34154_7_294	ERR6058094
CAD13I	39	KpSC	S	0	0	1	0	0	0	0	DASSIM	ERR6058096	34154_7_296	ERR6058096
CAE12Z	2668	KpSC	S	0	0	0	0	0	0	0	DASSIM	ERR6058098	34154_7_298	ERR6058098
CAD13J	25	KpSC	S	0	0	1	0	0	0	0	DASSIM	ERR6058099	34154_7_299	ERR6058099
CAD11U	985	KpSC	S	0	0	1	0	0	0	0	DASSIM	ERR6058101	34154_7_303	ERR6058101
CAD13L	711	KpSC	S	0	0	1	0	0	0	0	DASSIM	ERR6058102	34154_7_304	ERR6058102
CAJ10S	NA	KpSC	S	0	0	0	0	0	0	0	DASSIM	ERR6058103	34154_7_306	ERR6058103
CAD13Q	25	KpSC	S	0	0	1	0	0	0	0	DASSIM	ERR6058104	34154_7_307	ERR6058104
CAD13U	3717	KpSC	S	0	0	0	0	0	0	0	DASSIM	ERR6058106	34154_7_312	ERR6058106
CAD13Y	NA	KpSC	R	0	1	1	0	0	0	1	DASSIM	ERR6058107	34154_7_313	ERR6058107
CAD11X	17	KpSC	R	0	1	0	0	0	0	0	DASSIM	ERR6058108	34154_7_316	ERR6058108
CAL11H	307	KpSC	S	0	0	0	0	0	0	0	DASSIM	ERR6058109	34154_7_317	ERR6058109
CAD142	NA	KpSC	R	1	0	1	0	0	0	0	DASSIM	ERR6058110	34154_7_318	ERR6058110
CAB19D	789	KpSC	R	1	0	0	0	0	0	0	DASSIM	ERR6058111	34154_7_322	ERR6058111
CAD144	4283	KpSC	S	0	0	0	0	0	0	0	DASSIM	ERR6058112	34154_7_323	ERR6058112
CAC15X	307	KpSC	R	0	1	0	0	0	0	0	DASSIM	ERR6058113	34154_7_324	ERR6058113
CAD149	307	KpSC	R	0	1	0	0	0	0	0	DASSIM	ERR6058114	34154_7_325	ERR6058114
CAC14N	2136	KpSC	R	0	1	0	0	0	0	0	DASSIM	ERR6058115	34154_7_330	ERR6058115
CAD14D	20	KpSC	S	0	0	0	0	0	0	0	DASSIM	ERR6058116	34154_7_331	ERR6058116
CAC14U	3559	KpSC	S	0	0	1	0	0	0	0	DASSIM	ERR6058117	34154_7_332	ERR6058117
CAD14E	15	KpSC	S	0	0	1	0	0	0	0	DASSIM	ERR6058118	34154_7_333	ERR6058118
CAE135	340	KpSC	R	0	1	0	0	0	0	1	DASSIM	ERR6058119	34154_7_338	ERR6058119
CAD14F	3586	KpSC	S	0	0	0	0	0	0	0	DASSIM	ERR6058120	34154_7_339	ERR6058120
CAD14G	607	KpSC	R	0	1	0	0	0	0	0	DASSIM	ERR6058121	34154_7_340	ERR6058121
CAF158	39	KpSC	S	0	0	0	0	0	0	0	DASSIM	ERR6058122	34154_7_343	ERR6058122
CAE11Q	39	KpSC	S	0	0	1	0	0	0	0	DASSIM	ERR6058123	34154_7_344	ERR6058123
CAD14H	2668	KpSC	S	0	0	0	0	0	0	0	DASSIM	ERR6058124	34154_7_345	ERR6058124
CAD14I	35	KpSC	S	0	0	0	0	0	0	0	DASSIM	ERR6058125	34154_7_348	ERR6058125
CAE11N	14	KpSC	S	0	0	1	0	0	0	0	DASSIM	ERR6058126	34154_7_351	ERR6058126
CAB1AA	307	KpSC	NA	0	0	0	0	0	0	0	DASSIM	ERR6058127	34154_7_352	ERR6058127
CAE105	14	KpSC	S	0	0	0	0	0	0	0	DASSIM	ERR6058128	34154_7_353	ERR6058128
CAE108	391	KpSC	R	0	1	0	0	0	0	0	DASSIM	ERR6058130	34154_7_359	ERR6058130
CAD124	323	KpSC	NA	0	0	1	0	0	0	0	DASSIM	ERR6058131	34154_7_360	ERR6058131
CAE10T	716	KpSC	S	0	0	0	0	0	0	0	DASSIM	ERR6058132	34154_7_361	ERR6058132
CAD125	273	KpSC	NA	1	0	0	0	0	0	0	DASSIM	ERR6058133	34154_7_366	ERR6058133
CAE10V	551	KpSC	S	0	0	0	0	0	0	0	DASSIM	ERR6058134	34154_7_367	ERR6058134
CAB1AG	35	KpSC	NA	0	1	0	0	0	0	0	DASSIM	ERR6058135	34154_7_368	ERR6058135
CAE10X	607	KpSC	R	0	1	0	0	0	0	0	DASSIM	ERR6058136	34154_7_369	ERR6058136
CAC156	307	KpSC	NA	0	0	1	0	0	0	0	DASSIM	ERR6058137	34154_7_374	ERR6058137
CAE11A	NA	KpSC	S	0	0	0	0	0	0	0	DASSIM	ERR6058138	34154_7_375	ERR6058138
CAE11I	14	KpSC	R	0	1	0	0	0	0	0	DASSIM	ERR6058139	34154_7_376	ERR6058139
CAF15D	45	KpSC	NA	0	0	1	0	0	0	0	DASSIM	ERR6058140	34154_7_378	ERR6058140
CAC158	307	KpSC	NA	0	0	0	0	0	0	0	DASSIM	ERR6058141	34154_7_379	ERR6058141
CAE11K	2126	KpSC	S	0	0	1	0	0	0	0	DASSIM	ERR6058142	34154_7_380	ERR6058142
B9070	10	E. coli	R	0	0	0	0	0	0	0	bacteraemia	ERR926390	15966_8_40	ERR926390
2228	10	E. coli	R	0	0	0	0	0	0	0	bacteraemia	ERR926384	15966_8_34	ERR926384
D25640	10	E. coli	R	0	0	0	0	0	0	0	bacteraemia	ERR926396	15966_8_46	ERR926396
A38988	10	E. coli	R	0	0	0	0	0	0	0	bacteraemia	ERR926399	15966_8_49	ERR926399
9693	10	E. coli	R	0	0	0	0	0	0	0	bacteraemia	ERR926411	15966_8_61	ERR926411
BHA15G	12	E. coli	S	0	0	0	0	0	0	0	bacteraemia	ERR926363	15966_8_13	ERR926363
D3787	12	E. coli	R	0	0	0	0	1	0	0	bacteraemia	ERR926352	15966_8_2	ERR926352
A5175	12	E. coli	R	0	0	0	0	0	0	0	bacteraemia	ERR926379	15966_8_29	ERR926379
D36115	12	E. coli	R	0	0	0	0	0	0	0	bacteraemia	ERR926392	15966_8_42	ERR926392
2509	12	E. coli	R	0	0	0	0	0	0	0	bacteraemia	ERR926393	15966_8_43	ERR926393
3524	12	E. coli	R	0	0	0	0	0	0	0	bacteraemia	ERR926405	15966_8_55	ERR926405
2558	12	E. coli	R	0	0	0	0	0	0	0	bacteraemia	ERR926412	15966_8_62	ERR926412
D3871	12	E. coli	R	0	0	0	0	1	0	0	bacteraemia	ERR926428	15966_8_78	ERR926428
A7881	12	E. coli	R	0	0	0	0	1	0	0	bacteraemia	ERR971966	16228_1_20	ERR971966
D4531	15	E. coli	R	0	0	0	0	0	0	0	bacteraemia	ERR926380	15966_8_30	ERR926380
A48349	38	E. coli	R	0	0	0	0	0	0	0	bacteraemia	ERR971991	16228_1_45	ERR971991
C12359	38	E. coli	R	0	0	0	0	0	0	0	bacteraemia	ERR926408	15966_8_58	ERR926408
D37334	48	E. coli	R	0	0	0	0	0	0	0	bacteraemia	ERR926395	15966_8_45	ERR926395
B1PG3	52	E. coli	S	0	0	0	0	0	0	0	bacteraemia	ERR926353	15966_8_3	ERR926353
BKR406	59	E. coli	R	0	0	0	0	0	0	0	bacteraemia	ERR926372	15966_8_22	ERR926372
4464	62	E. coli	S	0	0	0	0	0	0	0	bacteraemia	ERR926401	15966_8_51	ERR926401
A45214	69	E. coli	R	0	0	0	0	0	0	0	bacteraemia	ERR926361	15966_8_11	ERR926361
BKQ7M8	69	E. coli	R	0	0	0	0	0	0	0	bacteraemia	ERR926364	15966_8_14	ERR926364
D3475	69	E. coli	S	0	0	0	0	0	0	0	bacteraemia	ERR926373	15966_8_23	ERR926373
D3275	69	E. coli	R	0	0	0	0	0	0	0	bacteraemia	ERR926378	15966_8_28	ERR926378
A36329	69	E. coli	R	0	0	0	0	0	0	0	bacteraemia	ERR926389	15966_8_39	ERR926389
A39011	73	E. coli	R	0	0	0	0	0	0	0	bacteraemia	ERR926351	15966_8_1	ERR926351
A36140	73	E. coli	S	0	0	0	0	0	0	0	bacteraemia	ERR926404	15966_8_54	ERR926404
4600	73	E. coli	R	0	0	0	0	0	0	0	bacteraemia	ERR926406	15966_8_56	ERR926406
D33237	120	E. coli	S	0	0	0	0	0	0	0	bacteraemia	ERR971994	16228_1_48	ERR971994
BKQA8N	131	E. coli	R	0	0	0	0	0	0	0	bacteraemia	ERR926356	15966_8_6	ERR926356
C4	131	E. coli	R	0	0	0	0	0	0	0	bacteraemia	ERR926421	15966_8_71	ERR926421
B28	131	E. coli	R	0	0	0	0	0	0	0	bacteraemia	ERR926430	15966_8_80	ERR926430
D3420	131	E. coli	R	0	0	0	0	0	0	0	bacteraemia	ERR926382	15966_8_32	ERR926382
10151	131	E. coli	R	0	0	0	0	0	0	0	bacteraemia	ERR926385	15966_8_35	ERR926385
C1289	131	E. coli	R	0	0	0	0	0	0	0	bacteraemia	ERR926354	15966_8_4	ERR926354
D25641	131	E. coli	R	0	0	0	0	0	0	0	bacteraemia	ERR926397	15966_8_47	ERR926397
A32883	131	E. coli	R	0	0	0	0	0	0	0	bacteraemia	ERR926409	15966_8_59	ERR926409
D32322	131	E. coli	R	0	0	0	0	0	0	0	bacteraemia	ERR926426	15966_8_76	ERR926426
D29253	131	E. coli	S	0	0	0	0	0	0	0	bacteraemia	ERR926358	15966_8_8	ERR926358
D49086	131	E. coli	R	0	0	0	0	0	0	0	bacteraemia	ERR926432	15966_8_82	ERR926432
D48799	131	E. coli	R	0	0	0	0	0	0	0	bacteraemia	ERR926434	15966_8_84	ERR926434
10140	131	E. coli	R	0	0	0	0	0	0	0	bacteraemia	ERR971988	16228_1_42	ERR971988
C29	131	E. coli	NA	0	0	0	0	0	0	0	bacteraemia	ERR926414	15966_8_64	ERR926414
C30	167	E. coli	R	0	0	0	0	0	0	0	bacteraemia	ERR926417	15966_8_67	ERR926417
C33B	167	E. coli	R	0	0	0	0	0	0	0	bacteraemia	ERR926425	15966_8_75	ERR926425
2473	167	E. coli	S	0	0	0	0	0	0	0	bacteraemia	ERR926381	15966_8_31	ERR926381
BKR1Z7	196	E. coli	S	0	0	0	0	0	0	0	bacteraemia	ERR926365	15966_8_15	ERR926365
A7898	223	E. coli	S	0	0	0	0	0	0	0	bacteraemia	ERR926368	15966_8_18	ERR926368
A35440	280	E. coli	S	0	0	0	0	0	0	0	bacteraemia	ERR926423	15966_8_73	ERR926423
3361	335	E. coli	R	0	0	0	0	0	0	0	bacteraemia	ERR926369	15966_8_19	ERR926369
D45621	354	E. coli	R	0	0	0	0	0	0	0	bacteraemia	ERR971968	16228_1_22	ERR971968
1012184	361	E. coli	R	0	0	0	0	0	0	0	bacteraemia	ERR926355	15966_8_5	ERR926355
522_A	362	E. coli	R	0	0	0	0	0	0	0	bacteraemia	ERR926360	15966_8_10	ERR926360
D40034	391	E. coli	R	0	0	0	0	0	0	0	bacteraemia	ERR926366	15966_8_16	ERR926366
BKQ5JN	391	E. coli	R	0	0	0	0	0	0	0	bacteraemia	ERR926367	15966_8_17	ERR926367
D40059A	391	E. coli	R	0	0	0	0	0	0	0	bacteraemia	ERR926419	15966_8_69	ERR926419
C14	391	E. coli	NA	0	0	0	0	0	0	0	bacteraemia	ERR926427	15966_8_77	ERR926427
A1a	399	E. coli	R	0	0	0	0	0	0	0	bacteraemia	ERR971987	16228_1_41	ERR971987
A40286	405	E. coli	R	0	0	0	0	0	0	0	bacteraemia	ERR926400	15966_8_50	ERR926400
A25576	405	E. coli	NA	0	0	0	0	0	0	0	bacteraemia	ERR926394	15966_8_44	ERR926394
D39719	410	E. coli	R	0	0	0	0	0	0	0	bacteraemia	ERR926416	15966_8_66	ERR926416
A333	448	E. coli	S	0	0	0	0	0	0	0	bacteraemia	ERR926415	15966_8_65	ERR926415
A16	448	E. coli	S	0	0	0	0	0	0	0	bacteraemia	ERR926422	15966_8_72	ERR926422
B9222	500	E. coli	R	0	0	0	0	0	0	0	bacteraemia	ERR926402	15966_8_52	ERR926402
10276	501	E. coli	R	0	0	0	0	0	0	0	bacteraemia	ERR971962	16228_1_16	ERR971962
1010805	504	E. coli	S	0	0	0	0	0	0	0	bacteraemia	ERR926362	15966_8_12	ERR926362
B3	617	E. coli	S	0	0	0	0	0	0	0	bacteraemia	ERR926435	15966_8_85	ERR926435
A3b	617	E. coli	R	0	0	0	0	0	0	0	bacteraemia	ERR971994	16228_1_48	ERR971994
10129	636	E. coli	S	0	0	0	0	0	0	0	bacteraemia	ERR926388	15966_8_38	ERR926388
A45016	636	E. coli	S	0	0	0	0	0	0	0	bacteraemia	ERR971992	16228_1_46	ERR971992
A27	648	E. coli	R	0	0	0	0	0	0	0	bacteraemia	ERR926413	15966_8_63	ERR926413
C15	648	E. coli	R	0	0	0	0	0	0	0	bacteraemia	ERR926418	15966_8_68	ERR926418
C20b	648	E. coli	S	0	0	0	0	0	0	0	bacteraemia	ERR926431	15966_8_81	ERR926431
C301	652	E. coli	R	0	0	0	0	0	0	0	bacteraemia	ERR926376	15966_8_26	ERR926376
1016948	977	E. coli	R	0	0	0	0	0	0	0	bacteraemia	ERR926359	15966_8_9	ERR926359
D29454	1084	E. coli	NA	0	0	0	0	0	0	0	bacteraemia	ERR926398	15966_8_48	ERR926398
1014142	1163	E. coli	R	0	0	0	0	0	0	0	bacteraemia	ERR926429	15966_8_79	ERR926429
A44893	1286	E. coli	R	0	0	0	0	0	0	0	bacteraemia	ERR971979	16228_1_33	ERR971979
C14036	1312	E. coli	S	0	0	0	0	0	0	0	bacteraemia	ERR926403	15966_8_53	ERR926403
9597	1567	E. coli	R	0	0	0	0	0	0	0	bacteraemia	ERR926391	15966_8_41	ERR926391
C10382	1567	E. coli	NA	0	0	0	0	0	0	0	bacteraemia	ERR926383	15966_8_33	ERR926383
D46760	2141	E. coli	R	0	0	0	0	0	0	0	bacteraemia	ERR971990	16228_1_44	ERR971990
D43713	2279	E. coli	R	0	0	0	0	0	0	0	bacteraemia	ERR926420	15966_8_70	ERR926420
BKQ79K_1	4358	E. coli	S	0	0	0	0	0	0	0	bacteraemia	ERR926444	15966_8_94	ERR926444
8728	4656	E. coli	S	0	0	0	0	0	0	0	bacteraemia	ERR926386	15966_8_36	ERR926386
A38084	5148	E. coli	S	0	0	0	0	0	0	0	bacteraemia	ERR926377	15966_8_27	ERR926377
B12381	5148	E. coli	S	0	0	0	0	0	0	0	bacteraemia	ERR926374	15966_8_24	ERR926374
D42544	NA	E. coli	R	0	0	0	0	0	0	0	bacteraemia	ERR971989	16228_1_43	ERR971989
A7503	NA	E. coli	R	0	0	0	0	0	0	0	bacteraemia	ERR926375	15966_8_25	ERR926375
D26076	NA	E. coli	R	0	0	0	0	0	0	0	bacteraemia	ERR971963	16228_1_17	ERR971963
D4275	NA	E. coli	R	0	0	0	0	0	0	0	bacteraemia	ERR971970	16228_1_24	ERR971970
BHAIAI	NA	E. coli	NA	0	0	0	0	0	0	0	bacteraemia	ERR926357	15966_8_7	ERR926357
6	NA	KpSC	S	0	0	0	0	0	0	0	bacteraemia	ERR971953	16228_1_7	ERR971953
3208	48	KpSC	R	0	0	0	0	0	0	0	bacteraemia	ERR971997	16228_1_51	ERR971997
3712	48	KpSC	R	0	0	0	0	0	0	0	bacteraemia	ERR971960	16228_1_14	ERR971960
4604	14	KpSC	S	0	0	0	0	0	0	0	bacteraemia	ERR926407	15966_8_57	ERR926407
7776	664	KpSC	S	0	0	0	0	1	0	0	bacteraemia	ERR971964	16228_1_18	ERR971964
8193	14	KpSC	NA	0	0	0	0	0	0	0	bacteraemia	ERR972002	16228_1_56	ERR972002
8407	1425	KpSC	R	0	0	0	0	0	0	0	bacteraemia	ERR971961	16228_1_15	ERR971961
1007011	15	KpSC	R	0	0	0	0	0	0	0	bacteraemia	ERR971980	16228_1_34	ERR971980
1011136	383	KpSC	S	0	0	0	0	0	0	0	bacteraemia	ERR926439	15966_8_89	ERR926439
1022430	14	KpSC	R	0	0	0	0	0	0	0	bacteraemia	ERR972025	16228_1_79	ERR972025
1023547	14	KpSC	R	0	0	0	0	0	0	0	bacteraemia	ERR971982	16228_1_36	ERR971982
1027734	896	KpSC	R	0	0	0	0	0	0	0	bacteraemia	ERR972031	16228_1_85	ERR972031
10038396	NA	KpSC	NA	0	0	0	0	0	0	0	bacteraemia	ERR972029	16228_1_83	ERR972029
522B	17	KpSC	R	0	0	0	0	0	0	0	bacteraemia	ERR926437	15966_8_87	ERR926437
A13	NA	KpSC	R	0	0	0	0	0	0	0	bacteraemia	ERR971957	16228_1_11	ERR971957
A28	NA	KpSC	R	0	0	0	0	0	0	0	bacteraemia	ERR971976	16228_1_30	ERR971976
A4	307	KpSC	NA	0	0	0	0	0	0	0	bacteraemia	ERR972006	16228_1_47	ERR972006
A43903	268	KpSC	NA	0	0	0	0	0	0	0	bacteraemia	ERR972023	16228_1_77	ERR972023
A44754	NA	KpSC	R	0	0	0	0	0	0	0	bacteraemia	ERR971967	16228_1_21	ERR971967
A44810	18	KpSC	R	0	0	0	0	1	0	0	bacteraemia	ERR971955	16228_1_9	ERR971955
A45755	231	KpSC	R	0	0	0	0	0	0	0	bacteraemia	ERR972003	16228_1_57	ERR972003
B10140	881	KpSC	S	0	0	0	0	0	0	0	NA	ERR972006	16228_1_60	ERR972006
B1874	1139	KpSC	S	0	0	0	0	0	0	0	bacteraemia	ERR926438	15966_8_88	ERR926438
BHD3XR	1023	KpSC	NA	0	0	0	0	0	0	0	bacteraemia	ERR971950	16228_1_4	ERR971950
BKQ2KD	307	KpSC	R	0	0	0	0	0	0	0	bacteraemia	ERR971984	16228_1_38	ERR971984
BKQ2QU	874	KpSC	NA	0	0	0	0	0	0	0	bacteraemia	ERR926445	15966_8_95	ERR926445
BKQ2ZY	37	KpSC	S	0	0	0	0	0	0	0	bacteraemia	ERR926436	15966_8_86	ERR926436
BKQ3KY	106	KpSC	NA	0	0	0	0	0	0	0	bacteraemia	ERR926443	15966_8_93	ERR926443
BKQ79K_2	609	KpSC	S	0	0	0	0	0	0	0	bacteraemia	ERR926371	15966_8_21	ERR926371
BKQAV6	372	KpSC	NA	0	0	0	0	0	0	0	bacteraemia	ERR971954	16228_1_8	ERR971954
BKR2U6	340	KpSC	R	0	0	0	0	0	0	0	bacteraemia	ERR971951	16228_1_5	ERR971951
BKR469	348	KpSC	R	0	0	0	0	0	0	0	bacteraemia	ERR926441	15966_8_91	ERR926441
C1408	218	KpSC	R	0	0	0	0	0	0	0	bacteraemia	ERR972007	16228_1_61	ERR972007
C18	39	KpSC	R	0	0	0	0	0	0	0	bacteraemia	ERR971977	16228_1_31	ERR971977
C21	25	KpSC	R	0	0	0	0	0	0	0	bacteraemia	ERR971975	16228_1_29	ERR971975
C23	NA	KpSC	R	0	0	0	0	0	0	0	bacteraemia	ERR972021	16228_1_75	ERR972021
C24a	15	KpSC	R	0	0	0	0	0	0	0	bacteraemia	ERR972020	16228_1_74	ERR972020
C24b	107	KpSC	R	0	0	0	0	0	0	0	bacteraemia	ERR971978	16228_1_32	ERR971978
C28	NA	KpSC	S	0	0	0	0	0	0	0	bacteraemia	ERR971974	16228_1_28	ERR971974
C32	NA	KpSC	R	0	0	0	0	0	0	0	bacteraemia	ERR971996	16228_1_50	ERR971996
C35	1916	KpSC	R	0	0	0	0	0	0	0	bacteraemia	ERR972022	16228_1_76	ERR972022
D25466	15	KpSC	R	0	0	0	0	0	0	0	bacteraemia	ERR971986	16228_1_40	ERR971986
D25597	14	KpSC	R	0	0	0	0	0	0	0	bacteraemia	ERR971959	16228_1_13	ERR971959
D25884	290	KpSC	NA	0	0	0	0	0	0	0	bacteraemia	ERR972001	16228_1_55	ERR972001
D28005	268	KpSC	R	0	0	0	0	0	0	0	bacteraemia	ERR972010	16228_1_64	ERR972010
D29665	14	KpSC	R	0	0	0	0	0	0	0	bacteraemia	ERR972017	16228_1_71	ERR972017
D30014	560	KpSC	R	0	0	0	0	0	0	0	bacteraemia	ERR972011	16228_1_65	ERR972011
D30074	20	KpSC	S	0	0	0	0	0	0	0	bacteraemia	ERR972028	16228_1_82	ERR972028
D32265	45	KpSC	R	0	0	0	0	0	0	0	bacteraemia	ERR971965	16228_1_19	ERR971965
D35263	664	KpSC	R	0	0	0	0	1	0	0	bacteraemia	ERR972005	16228_1_59	ERR972005
D3538	14	KpSC	R	0	0	0	0	0	0	0	bacteraemia	ERR972016	16228_1_70	ERR972016
D36068	664	KpSC	R	0	0	0	0	1	0	0	bacteraemia	ERR971948	16228_1_2	ERR971948
D37100	297	KpSC	R	0	0	0	0	0	0	0	bacteraemia	ERR971999	16228_1_53	ERR971999
D39172	14	KpSC	R	0	0	0	0	1	0	0	bacteraemia	ERR972026	16228_1_80	ERR972026
D40180	34	KpSC	R	0	0	0	0	0	0	0	bacteraemia	ERR972015	16228_1_69	ERR972015
D40443	664	KpSC	R	0	0	0	0	0	0	0	bacteraemia	ERR972013	16228_1_67	ERR972013
D41222	478	KpSC	R	0	0	0	0	0	0	0	bacteraemia	ERR971949	16228_1_3	ERR971949
D42680	1128	KpSC	R	0	0	0	0	0	0	0	bacteraemia	ERR972014	16228_1_68	ERR972014
D44912	14	KpSC	R	0	0	0	0	0	0	0	bacteraemia	ERR972009	16228_1_63	ERR972009
D46208	4	KpSC	R	0	0	0	0	0	0	0	bacteraemia	ERR972012	16228_1_66	ERR972012
D47091	NA	KpSC	R	0	0	0	0	0	0	0	bacteraemia	ERR971972	16228_1_26	ERR971972
D47244	276	KpSC	R	0	0	0	0	0	0	0	bacteraemia	ERR972018	16228_1_72	ERR972018
D4743	283	KpSC	S	0	0	0	0	0	0	0	bacteraemia	ERR972000	16228_1_54	ERR972000
D4888	25	KpSC	R	0	0	0	0	0	0	0	bacteraemia	ERR972004	16228_1_58	ERR972004
D49363	48	KpSC	R	0	0	0	0	0	0	0	bacteraemia	ERR972027	16228_1_81	ERR972027
D50395	198	KpSC	R	0	0	0	0	0	0	0	bacteraemia	ERR971969	16228_1_23	ERR971969
D50395	198	KpSC	R	0	0	0	0	0	0	0	bacteraemia	ERR971985	16228_1_39	ERR971985
D5105	73	KpSC	R	0	0	0	0	0	0	0	bacteraemia	ERR971998	16228_1_52	ERR971998
D51871	101	KpSC	R	0	0	0	0	0	0	0	bacteraemia	ERR972019	16228_1_73	ERR972019
D51871 (Twice)	101	KpSC	NA	0	0	0	0	0	0	0	bacteraemia	ERR972024	16228_1_78	ERR972024
D53369	14	KpSC	R	0	0	0	0	0	0	0	bacteraemia	ERR972030	16228_1_84	ERR972030